Unnamed: 0,County,Level_Of_Transmission,Date_Updated,Infection_Rate,Vaccinated,Vaccinated_Percent,Over_18_Vacc,Over_18_Vacc_Percent,Over_65_Vacc,Over_65_Vacc_Percent,Total_Population,Population_Density,Avg_HH_Size,Percent_Uninsured,Poverty Rate,Over_65
0,Alachua,high,4/15/2021,105.93,"68,041",25.30%,"67,996",30.80%,"30,358",77.30%,"269,043",307.29,2.54,9.2,21.8,14.6
1,Baker,substantial,4/15/2021,68.47,"3,360",11.50%,"3,360",15.10%,"2,157",52.40%,"29,210",49.91,2.92,12.5,14.6,14.09
2,Bay,substantial,4/15/2021,91.01,"34,440",19.70%,"34,420",24.80%,"18,553",57%,"174,705",230.3,2.57,14.2,14.7,18.62
3,Bradford,substantial,4/15/2021,56.74,"3,671",13%,"3,671",16.20%,"2,495",49.30%,"28,201",95.93,2.6,12.4,20.3,17.96
4,Brevard,high,4/15/2021,142.87,"130,747",21.70%,"130,684",26.50%,"86,241",59.20%,"601,942",593.06,2.49,10.8,12.7,24.21
5,Broward,high,4/15/2021,285.39,"418,314",21.40%,"417,658",27.10%,"213,253",63.70%,"1,952,778","1,623.50",2.77,14.6,13.5,17.13
6,Calhoun,moderate,4/15/2021,suppressed,"1,985",14.10%,"1,985",17.60%,"1,353",50.70%,"14,105",24.86,2.73,18.3,12.2,18.93
7,Charlotte,high,4/15/2021,156.69,"57,500",30.40%,"57,476",34.50%,"47,353",61.40%,"188,910",277.36,2.28,11.3,11.1,40.8
8,Citrus,substantial,4/15/2021,84.19,"38,124",25.50%,"38,118",29.90%,"31,679",57.70%,"149,657",257.18,2.24,10.4,16.7,36.71
9,Clay,high,4/15/2021,104.45,"36,364",16.60%,"36,338",21.50%,"20,201",56.40%,"219,252",362.63,2.81,10.4,10.6,16.35
10,Collier,high,4/15/2021,183.94,"110,657",28.70%,"110,625",34.60%,"87,256",68.90%,"384,902",192.75,2.55,16.5,12.3,32.92
11,Columbia,substantial,4/15/2021,97.65,"11,882",16.60%,"11,880",21.10%,"7,597",55%,"71,686",89.88,2.57,12.4,17.4,19.26
12,DeSoto,high,4/15/2021,165.79,"5,526",14.50%,"5,526",17.90%,"4,202",49.10%,"38,001",59.68,2.74,18.4,28.5,22.52
13,Dixie,substantial,4/15/2021,65.38,"2,346",13.90%,"2,346",17.10%,"1,832",46%,"16,826",23.86,2.28,17.2,23.1,23.68
14,Duval,high,4/15/2021,116.21,"208,589",21.80%,"208,409",28.10%,"95,088",68.60%,"957,755","1,255.86",2.55,12,15.5,14.47
15,Escambia,substantial,4/15/2021,75.71,"64,308",20.20%,"64,281",25.50%,"34,613",63.40%,"318,316",484.52,2.47,10.2,13.9,17.14
16,Flagler,high,4/15/2021,118.18,"31,766",27.60%,"31,759",33.10%,"24,065",67%,"115,081",237.21,2.62,12.7,11.9,31.19
17,Franklin,high,4/15/2021,suppressed,"2,854",23.50%,"2,854",27.80%,"2,038",69.70%,"12,125",22.24,2.35,18.3,20.7,24.13
18,Gadsden,substantial,4/15/2021,61.32,"10,729",23.50%,"10,723",29.90%,"5,800",67.90%,"45,660",88.44,2.47,14.9,24.6,18.7
19,Gilchrist,high,4/15/2021,161.45,"2,615",14.10%,"2,613",17.60%,"1,794",46.70%,"18,582",53.14,2.5,18.1,17.9,20.65
20,Glades,moderate,4/15/2021,suppressed,"1,739",12.60%,"1,739",14.70%,"1,317",34.60%,"13,811",17.12,2.71,19.9,17,27.57
21,Gulf,moderate,4/15/2021,suppressed,"2,979",21.80%,"2,979",26.70%,"2,255",62.40%,"13,639",24.64,2.55,11.4,13.9,26.5
22,Hamilton,substantial,4/15/2021,suppressed,"2,046",14.20%,"2,046",17.50%,"1,461",54.80%,"14,428",28.08,2.44,14.3,29.5,18.46
23,Hardee,high,4/15/2021,167.06,"2,899",10.80%,"2,899",14.40%,"2,274",48.40%,"26,937",42.25,3.22,12.2,26.7,17.43
24,Hendry,high,4/15/2021,142.78,"5,661",13.50%,"5,658",18.40%,"3,433",59.40%,"42,022",36.34,3.17,26.2,26.8,13.75
25,Hernando,high,4/15/2021,135.62,"40,395",20.80%,"40,378",25.50%,"29,924",56.10%,"193,920",410.01,2.46,12.6,14.3,27.51
26,Highlands,high,4/15/2021,155.34,"23,011",21.70%,"23,010",26%,"18,864",49.30%,"106,221",104.38,2.44,12.7,19.2,36.05
27,Hillsborough,high,4/15/2021,219.09,"282,935",19.20%,"282,713",24.70%,"125,203",58.50%,"1,471,968","1,440.39",2.63,13,15.3,14.54
28,Holmes,moderate,4/15/2021,suppressed,"2,467",12.60%,"2,466",15.80%,"1,685",43%,"19,617",40.97,2.51,18.9,25.6,19.99
29,Indian River,high,4/15/2021,116.31,"44,938",28.10%,"44,924",33.30%,"35,711",66%,"159,923",318.08,2.6,12.1,12.2,33.85
30,Jackson,moderate,4/15/2021,34.47,"8,285",17.90%,"8,284",22%,"5,075",53%,"46,414",50.55,2.4,11.3,20.6,20.62
31,Jefferson,substantial,4/15/2021,suppressed,"4,221",29.60%,"4,221",35.50%,"3,147",89.60%,"14,246",23.82,2.04,6.4,14.1,24.65
32,Lafayette,moderate,4/15/2021,suppressed,"1,278",15.20%,"1,278",19%,"1,056",72.60%,"8,422",15.5,3.43,17.6,20.1,17.28
33,Lake,high,4/15/2021,187.95,"97,279",26.50%,"97,197",32.60%,"72,161",72.60%,"367,118",386.13,2.55,11.6,12.5,27.07
34,Lee,high,4/15/2021,200.24,"172,101",22.30%,"172,071",27%,"133,394",59.40%,"770,577",986.08,2.61,14.3,14,29.15
35,Leon,substantial,4/15/2021,92.99,"63,634",21.70%,"63,565",26.60%,"31,244",76.60%,"293,582",440.23,2.43,8.2,20.4,13.89
36,Levy,high,4/15/2021,163.84,"7,105",17.10%,"7,102",21.20%,"5,173",49.60%,"41,503",37.12,2.41,15.5,20.7,25.15
37,Liberty,substantial,4/15/2021,suppressed,"1,102",13.20%,"1,102",16%,686,54.60%,"8,354",10,2.9,18.5,13,15.04
38,Madison,moderate,4/15/2021,suppressed,"3,566",19.30%,"3,565",23.60%,"2,375",60.90%,"18,493",26.55,2.45,13.1,28.2,21.1
39,Manatee,high,4/15/2021,194.42,"92,375",22.90%,"92,359",27.90%,"68,938",60.90%,"403,253",542.28,2.57,12.7,12.5,28.06
40,Marion,substantial,4/15/2021,92.18,"82,719",22.60%,"82,703",27.70%,"62,804",58.90%,"365,579",230.15,2.48,12.3,16.6,29.18
41,Martin,high,4/15/2021,130.43,"45,386",28.20%,"45,372",33.60%,"35,575",70.10%,"161,000",296.05,2.41,11.5,10.5,31.53
42,Miami-Dade,high,4/15/2021,368.8,"622,886",22.90%,"621,713",28.70%,"288,271",63.70%,"2,716,940","1,430.09",3.07,18.1,18,16.66
43,Monroe,high,4/15/2021,173.79,"19,740",26.60%,"19,735",31.30%,"12,855",72.90%,"74,228",75.51,2.39,17.8,11.8,23.75
44,Nassau,moderate,4/15/2021,47.39,"23,749",26.80%,"23,737",33.40%,"15,433",76.30%,"88,625",136.62,2.55,11,10.2,22.83
45,Okaloosa,substantial,4/15/2021,78.3,"42,341",20.10%,"42,322",25.80%,"23,952",69.70%,"210,738",226.55,2.52,12.2,11.5,16.31
46,Okeechobee,high,4/15/2021,149.4,"6,484",15.40%,"6,482",19.50%,"5,129",60.50%,"42,168",54.82,2.73,18.1,22.7,20.12
47,Orange,high,4/15/2021,238.4,"272,935",19.60%,"272,336",25%,"113,184",66%,"1,393,452","1,545.08",2.81,14.5,16.1,12.31
48,Osceola,high,4/15/2021,286.36,"64,804",17.20%,"64,747",22.70%,"33,593",66.20%,"375,751",283.04,3.4,15.8,16.3,13.52
49,Palm Beach,high,4/15/2021,189.68,"361,656",24.20%,"361,350",29.80%,"240,767",66%,"1,496,770",761.99,2.6,13.6,12.8,24.36
50,Pasco,high,4/15/2021,191.9,"112,036",20.20%,"111,983",25.30%,"72,459",57.80%,"553,947",741.98,2.52,11.8,13.5,22.65
51,Pinellas,high,4/15/2021,187.49,"248,366",25.50%,"248,232",30.30%,"154,896",62.60%,"974,996","3,561.28",2.31,11.5,13,25.4
52,Polk,high,4/15/2021,198.13,"125,905",17.40%,"125,833",22.20%,"82,365",55.60%,"724,777",403.21,2.84,13.2,16.6,20.44
53,Putnam,high,4/15/2021,108.69,"10,715",14.40%,"10,713",18.20%,"7,703",43.60%,"74,521",102.38,2.52,16,24.8,23.72
54,Santa Rosa,substantial,4/15/2021,53.71,"32,751",17.80%,"32,723",22.70%,"19,422",64.50%,"184,313",182.06,2.68,10,9.8,16.34
55,Sarasota,high,4/15/2021,182.37,"133,674",30.80%,"133,618",35.80%,"105,792",65.30%,"433,742",780.13,2.25,11.4,9.7,37.34
56,Seminole,high,4/15/2021,193.5,"90,719",19.20%,"90,589",24.20%,"46,677",61.90%,"471,826","1,525.34",2.7,10.4,11.4,15.98
57,St. Johns,high,4/15/2021,122.79,"78,317",29.60%,"78,204",37.70%,"45,096",82.50%,"264,672",440.71,2.7,8.4,8.4,20.65
58,St. Lucie,high,4/15/2021,149.26,"65,744",20%,"65,730",24.90%,"47,129",58.20%,"328,297",574.3,2.68,14,15,24.65
59,Sumter,high,4/15/2021,101.19,"67,298",50.80%,"67,289",54.70%,"60,566",78.60%,"132,420",237.68,2.04,6.2,8.8,58.17
60,Suwannee,substantial,4/15/2021,67.54,"6,936",15.60%,"6,934",19.80%,"5,128",53.10%,"44,417",64.51,2.81,13.9,17.8,21.73
61,Taylor,moderate,4/15/2021,suppressed,"3,104",14.40%,"3,103",17.90%,"2,247",49.70%,"21,569",20.67,2.47,10.9,19.8,20.98
62,Union,substantial,4/15/2021,suppressed,"1,549",10.20%,"1,549",12.70%,"1,089",47%,"15,237",62.56,2.5,12.4,22,15.21
63,Volusia,high,4/15/2021,214.9,"123,387",22.30%,"123,352",27%,"86,443",62.70%,"553,284",502.42,2.43,12.5,15.2,24.91
64,Wakulla,high,4/15/2021,115.59,"6,189",18.30%,"6,185",23.10%,"3,846",71.70%,"33,739",55.64,2.56,9,11.5,15.9
65,Walton,high,4/15/2021,199.81,"13,543",18.30%,"13,539",23%,"8,819",58.90%,"74,071",71.38,2.42,13.5,14.7,20.22
66,Washington,substantial,4/15/2021,66.74,"2,934",11.50%,"2,931",14.40%,"1,942",44.30%,"25,473",43.57,2.57,12.8,22.4,17.2
0,Alachua,high,4/16/2021,111.88,"68,986",25.60%,"68,935",31.20%,"30,496",77.70%,"269,043",307.29,2.54,9.2,21.8,14.6
1,Baker,substantial,4/16/2021,75.32,"3,426",11.70%,"3,426",15.40%,"2,174",52.80%,"29,210",49.91,2.92,12.5,14.6,14.09
2,Bay,substantial,4/16/2021,95.02,"35,060",20.10%,"35,040",25.30%,"18,749",57.60%,"174,705",230.3,2.57,14.2,14.7,18.62
3,Bradford,moderate,4/16/2021,42.55,"3,695",13.10%,"3,695",16.30%,"2,502",49.40%,"28,201",95.93,2.6,12.4,20.3,17.96
4,Brevard,high,4/16/2021,147.52,"135,782",22.60%,"135,716",27.50%,"88,342",60.60%,"601,942",593.06,2.49,10.8,12.7,24.21
5,Broward,high,4/16/2021,284.72,"428,489",21.90%,"427,780",27.70%,"214,454",64.10%,"1,952,778","1,623.50",2.77,14.6,13.5,17.13
6,Calhoun,moderate,4/16/2021,suppressed,"2,002",14.20%,"2,002",17.70%,"1,356",50.80%,"14,105",24.86,2.73,18.3,12.2,18.93
7,Charlotte,high,4/16/2021,156.69,"59,861",31.70%,"59,836",35.90%,"48,935",63.50%,"188,910",277.36,2.28,11.3,11.1,40.8
8,Citrus,substantial,4/16/2021,86.87,"38,975",26%,"38,969",30.50%,"32,213",58.60%,"149,657",257.18,2.24,10.4,16.7,36.71
9,Clay,high,4/16/2021,107.18,"36,953",16.90%,"36,926",21.90%,"20,279",56.60%,"219,252",362.63,2.81,10.4,10.6,16.35
10,Collier,high,4/16/2021,190.18,"112,156",29.10%,"112,123",35%,"87,844",69.30%,"384,902",192.75,2.55,16.5,12.3,32.92
11,Columbia,substantial,4/16/2021,94.86,"12,003",16.70%,"12,000",21.30%,"7,625",55.20%,"71,686",89.88,2.57,12.4,17.4,19.26
12,DeSoto,high,4/16/2021,171.05,"5,576",14.70%,"5,576",18.10%,"4,225",49.40%,"38,001",59.68,2.74,18.4,28.5,22.52
13,Dixie,substantial,4/16/2021,65.38,"2,372",14.10%,"2,372",17.20%,"1,835",46.10%,"16,826",23.86,2.28,17.2,23.1,23.68
14,Duval,high,4/16/2021,125.71,"212,374",22.20%,"212,187",28.60%,"95,565",69%,"957,755","1,255.86",2.55,12,15.5,14.47
15,Escambia,substantial,4/16/2021,83.88,"66,369",20.90%,"66,340",26.30%,"35,015",64.20%,"318,316",484.52,2.47,10.2,13.9,17.14
16,Flagler,high,4/16/2021,117.31,"32,308",28.10%,"32,299",33.70%,"24,312",67.70%,"115,081",237.21,2.62,12.7,11.9,31.19
17,Franklin,high,4/16/2021,suppressed,"2,862",23.60%,"2,862",27.90%,"2,038",69.70%,"12,125",22.24,2.35,18.3,20.7,24.13
18,Gadsden,substantial,4/16/2021,61.32,"10,964",24%,"10,958",30.60%,"5,847",68.50%,"45,660",88.44,2.47,14.9,24.6,18.7
19,Gilchrist,high,4/16/2021,204.5,"2,625",14.10%,"2,623",17.60%,"1,796",46.80%,"18,582",53.14,2.5,18.1,17.9,20.65
20,Glades,moderate,4/16/2021,suppressed,"1,748",12.70%,"1,748",14.80%,"1,317",34.60%,"13,811",17.12,2.71,19.9,17,27.57
21,Gulf,moderate,4/16/2021,suppressed,"3,049",22.40%,"3,049",27.40%,"2,270",62.80%,"13,639",24.64,2.55,11.4,13.9,26.5
22,Hamilton,substantial,4/16/2021,suppressed,"2,181",15.10%,"2,181",18.70%,"1,497",56.20%,"14,428",28.08,2.44,14.3,29.5,18.46
23,Hardee,high,4/16/2021,152.21,"3,084",11.40%,"3,083",15.40%,"2,323",49.50%,"26,937",42.25,3.22,12.2,26.7,17.43
24,Hendry,high,4/16/2021,133.26,"5,826",13.90%,"5,823",18.90%,"3,495",60.50%,"42,022",36.34,3.17,26.2,26.8,13.75
25,Hernando,high,4/16/2021,145.94,"41,106",21.20%,"41,088",25.90%,"30,218",56.60%,"193,920",410.01,2.46,12.6,14.3,27.51
26,Highlands,high,4/16/2021,146.86,"23,264",21.90%,"23,263",26.30%,"18,987",49.60%,"106,221",104.38,2.44,12.7,19.2,36.05
27,Hillsborough,high,4/16/2021,226.43,"289,417",19.70%,"289,185",25.20%,"125,864",58.80%,"1,471,968","1,440.39",2.63,13,15.3,14.54
28,Holmes,moderate,4/16/2021,suppressed,"2,487",12.70%,"2,486",15.90%,"1,695",43.20%,"19,617",40.97,2.51,18.9,25.6,19.99
29,Indian River,high,4/16/2021,113.18,"45,775",28.60%,"45,760",33.90%,"35,904",66.30%,"159,923",318.08,2.6,12.1,12.2,33.85
30,Jackson,moderate,4/16/2021,34.47,"8,368",18%,"8,367",22.20%,"5,101",53.30%,"46,414",50.55,2.4,11.3,20.6,20.62
31,Jefferson,substantial,4/16/2021,70.2,"4,364",30.60%,"4,364",36.70%,"3,174",90.40%,"14,246",23.82,2.04,6.4,14.1,24.65
32,Lafayette,moderate,4/16/2021,suppressed,"1,282",15.20%,"1,282",19%,"1,056",72.60%,"8,422",15.5,3.43,17.6,20.1,17.28
33,Lake,high,4/16/2021,201.57,"98,982",27%,"98,898",33.20%,"72,715",73.20%,"367,118",386.13,2.55,11.6,12.5,27.07
34,Lee,high,4/16/2021,205.95,"175,187",22.70%,"175,155",27.50%,"134,500",59.90%,"770,577",986.08,2.61,14.3,14,29.15
35,Leon,substantial,4/16/2021,96.4,"65,720",22.40%,"65,643",27.50%,"31,356",76.90%,"293,582",440.23,2.43,8.2,20.4,13.89
36,Levy,high,4/16/2021,171.07,"7,164",17.30%,"7,159",21.40%,"5,195",49.80%,"41,503",37.12,2.41,15.5,20.7,25.15
37,Liberty,moderate,4/16/2021,suppressed,"1,156",13.80%,"1,156",16.70%,704,56.10%,"8,354",10,2.9,18.5,13,15.04
38,Madison,moderate,4/16/2021,suppressed,"3,617",19.60%,"3,616",24%,"2,383",61.10%,"18,493",26.55,2.45,13.1,28.2,21.1
39,Manatee,high,4/16/2021,205.33,"94,317",23.40%,"94,299",28.50%,"69,977",61.80%,"403,253",542.28,2.57,12.7,12.5,28.06
40,Marion,substantial,4/16/2021,98.47,"83,765",22.90%,"83,745",28.10%,"63,167",59.20%,"365,579",230.15,2.48,12.3,16.6,29.18
41,Martin,high,4/16/2021,133.54,"45,826",28.50%,"45,810",34%,"35,657",70.20%,"161,000",296.05,2.41,11.5,10.5,31.53
42,Miami-Dade,high,4/16/2021,373.66,"635,250",23.40%,"634,028",29.30%,"290,099",64.10%,"2,716,940","1,430.09",3.07,18.1,18,16.66
43,Monroe,high,4/16/2021,165.71,"20,258",27.30%,"20,253",32.20%,"12,994",73.70%,"74,228",75.51,2.39,17.8,11.8,23.75
44,Nassau,substantial,4/16/2021,60.93,"23,892",27%,"23,880",33.60%,"15,462",76.40%,"88,625",136.62,2.55,11,10.2,22.83
45,Okaloosa,substantial,4/16/2021,90.63,"42,758",20.30%,"42,737",26.10%,"24,018",69.90%,"210,738",226.55,2.52,12.2,11.5,16.31
46,Okeechobee,high,4/16/2021,139.92,"6,523",15.50%,"6,521",19.60%,"5,134",60.50%,"42,168",54.82,2.73,18.1,22.7,20.12
47,Orange,high,4/16/2021,241.92,"278,463",20%,"277,847",25.50%,"113,848",66.40%,"1,393,452","1,545.08",2.81,14.5,16.1,12.31
48,Osceola,high,4/16/2021,302.59,"66,004",17.60%,"65,944",23.10%,"33,764",66.50%,"375,751",283.04,3.4,15.8,16.3,13.52
49,Palm Beach,high,4/16/2021,186.74,"367,492",24.60%,"367,171",30.30%,"241,777",66.30%,"1,496,770",761.99,2.6,13.6,12.8,24.36
50,Pasco,high,4/16/2021,201.28,"114,637",20.70%,"114,579",25.90%,"73,131",58.30%,"553,947",741.98,2.52,11.8,13.5,22.65
51,Pinellas,high,4/16/2021,183.28,"254,898",26.10%,"254,753",31.10%,"156,327",63.10%,"974,996","3,561.28",2.31,11.5,13,25.4
52,Polk,high,4/16/2021,209.31,"128,689",17.80%,"128,613",22.70%,"82,984",56%,"724,777",403.21,2.84,13.2,16.6,20.44
53,Putnam,high,4/16/2021,138.22,"10,938",14.70%,"10,936",18.60%,"7,799",44.10%,"74,521",102.38,2.52,16,24.8,23.72
54,Santa Rosa,substantial,4/16/2021,62.94,"34,103",18.50%,"34,072",23.60%,"19,716",65.50%,"184,313",182.06,2.68,10,9.8,16.34
55,Sarasota,high,4/16/2021,185.59,"136,601",31.50%,"136,540",36.60%,"107,495",66.40%,"433,742",780.13,2.25,11.4,9.7,37.34
56,Seminole,high,4/16/2021,195.2,"91,935",19.50%,"91,801",24.60%,"46,833",62.10%,"471,826","1,525.34",2.7,10.4,11.4,15.98
57,St. Johns,high,4/16/2021,126.95,"80,051",30.20%,"79,934",38.50%,"45,213",82.70%,"264,672",440.71,2.7,8.4,8.4,20.65
58,St. Lucie,high,4/16/2021,152.61,"66,650",20.30%,"66,636",25.20%,"47,388",58.60%,"328,297",574.3,2.68,14,15,24.65
59,Sumter,substantial,4/16/2021,95.15,"67,750",51.20%,"67,741",55.10%,"60,713",78.80%,"132,420",237.68,2.04,6.2,8.8,58.17
60,Suwannee,substantial,4/16/2021,56.28,"7,090",16%,"7,088",20.20%,"5,152",53.40%,"44,417",64.51,2.81,13.9,17.8,21.73
61,Taylor,moderate,4/16/2021,suppressed,"3,270",15.20%,"3,269",18.90%,"2,283",50.50%,"21,569",20.67,2.47,10.9,19.8,20.98
62,Union,substantial,4/16/2021,suppressed,"1,557",10.20%,"1,557",12.70%,"1,091",47.10%,"15,237",62.56,2.5,12.4,22,15.21
63,Volusia,high,4/16/2021,217.97,"125,792",22.70%,"125,756",27.50%,"87,453",63.50%,"553,284",502.42,2.43,12.5,15.2,24.91
64,Wakulla,high,4/16/2021,127.45,"6,284",18.60%,"6,280",23.50%,"3,855",71.80%,"33,739",55.64,2.56,9,11.5,15.9
65,Walton,high,4/16/2021,216.01,"13,645",18.40%,"13,641",23.10%,"8,826",58.90%,"74,071",71.38,2.42,13.5,14.7,20.22
66,Washington,substantial,4/16/2021,70.66,"2,959",11.60%,"2,956",14.50%,"1,949",44.50%,"25,473",43.57,2.57,12.8,22.4,17.2
0,Alachua,high,4/17/2021,106.67,"70,226",26.10%,"70,172",31.80%,"30,635",78%,"269,043",307.29,2.54,9.2,21.8,14.6
1,Baker,substantial,4/17/2021,82.16,"3,461",11.80%,"3,461",15.60%,"2,186",53.10%,"29,210",49.91,2.92,12.5,14.6,14.09
2,Bay,substantial,4/17/2021,99.02,"35,531",20.30%,"35,511",25.60%,"18,877",58%,"174,705",230.3,2.57,14.2,14.7,18.62
3,Bradford,substantial,4/17/2021,53.19,"3,725",13.20%,"3,725",16.40%,"2,507",49.50%,"28,201",95.93,2.6,12.4,20.3,17.96
4,Brevard,high,4/17/2021,146.03,"138,912",23.10%,"138,845",28.20%,"89,084",61.10%,"601,942",593.06,2.49,10.8,12.7,24.21
5,Broward,high,4/17/2021,272.18,"442,872",22.70%,"442,063",28.70%,"216,070",64.60%,"1,952,778","1,623.50",2.77,14.6,13.5,17.13
6,Calhoun,moderate,4/17/2021,suppressed,"2,091",14.80%,"2,091",18.50%,"1,393",52.20%,"14,105",24.86,2.73,18.3,12.2,18.93
7,Charlotte,high,4/17/2021,155.63,"62,174",32.90%,"62,148",37.30%,"50,064",65%,"188,910",277.36,2.28,11.3,11.1,40.8
8,Citrus,substantial,4/17/2021,93.55,"39,544",26.40%,"39,538",31%,"32,417",59%,"149,657",257.18,2.24,10.4,16.7,36.71
9,Clay,high,4/17/2021,103.08,"37,754",17.20%,"37,725",22.30%,"20,406",56.90%,"219,252",362.63,2.81,10.4,10.6,16.35
10,Collier,high,4/17/2021,180.83,"114,820",29.80%,"114,786",35.90%,"89,089",70.30%,"384,902",192.75,2.55,16.5,12.3,32.92
11,Columbia,substantial,4/17/2021,80.91,"12,118",16.90%,"12,115",21.50%,"7,652",55.40%,"71,686",89.88,2.57,12.4,17.4,19.26
12,DeSoto,high,4/17/2021,184.21,"5,808",15.30%,"5,808",18.80%,"4,424",51.70%,"38,001",59.68,2.74,18.4,28.5,22.52
13,Dixie,high,4/17/2021,101.03,"2,390",14.20%,"2,390",17.40%,"1,839",46.20%,"16,826",23.86,2.28,17.2,23.1,23.68
14,Duval,high,4/17/2021,123.83,"216,620",22.60%,"216,418",29.20%,"96,127",69.40%,"957,755","1,255.86",2.55,12,15.5,14.47
15,Escambia,substantial,4/17/2021,92.36,"67,586",21.20%,"67,555",26.80%,"35,283",64.70%,"318,316",484.52,2.47,10.2,13.9,17.14
16,Flagler,high,4/17/2021,125.13,"32,738",28.40%,"32,728",34.10%,"24,437",68.10%,"115,081",237.21,2.62,12.7,11.9,31.19
17,Franklin,high,4/17/2021,suppressed,"2,883",23.80%,"2,883",28.10%,"2,046",69.90%,"12,125",22.24,2.35,18.3,20.7,24.13
18,Gadsden,substantial,4/17/2021,67.89,"11,136",24.40%,"11,130",31.10%,"5,884",68.90%,"45,660",88.44,2.47,14.9,24.6,18.7
19,Gilchrist,high,4/17/2021,193.74,"2,686",14.50%,"2,684",18%,"1,813",47.20%,"18,582",53.14,2.5,18.1,17.9,20.65
20,Glades,moderate,4/17/2021,suppressed,"1,770",12.80%,"1,770",15%,"1,323",34.70%,"13,811",17.12,2.71,19.9,17,27.57
21,Gulf,moderate,4/17/2021,suppressed,"3,077",22.60%,"3,077",27.60%,"2,276",63%,"13,639",24.64,2.55,11.4,13.9,26.5
22,Hamilton,substantial,4/17/2021,suppressed,"2,211",15.30%,"2,211",18.90%,"1,502",56.40%,"14,428",28.08,2.44,14.3,29.5,18.46
23,Hardee,high,4/17/2021,144.78,"3,107",11.50%,"3,106",15.50%,"2,328",49.60%,"26,937",42.25,3.22,12.2,26.7,17.43
24,Hendry,high,4/17/2021,135.64,"6,087",14.50%,"6,084",19.80%,"3,552",61.50%,"42,022",36.34,3.17,26.2,26.8,13.75
25,Hernando,high,4/17/2021,149.55,"42,467",21.90%,"42,448",26.80%,"30,747",57.60%,"193,920",410.01,2.46,12.6,14.3,27.51
26,Highlands,high,4/17/2021,165.69,"23,506",22.10%,"23,505",26.60%,"19,074",49.80%,"106,221",104.38,2.44,12.7,19.2,36.05
27,Hillsborough,high,4/17/2021,225.75,"295,993",20.10%,"295,735",25.80%,"126,991",59.30%,"1,471,968","1,440.39",2.63,13,15.3,14.54
28,Holmes,moderate,4/17/2021,suppressed,"2,525",12.90%,"2,524",16.20%,"1,705",43.50%,"19,617",40.97,2.51,18.9,25.6,19.99
29,Indian River,high,4/17/2021,109.43,"46,776",29.20%,"46,760",34.70%,"36,117",66.70%,"159,923",318.08,2.6,12.1,12.2,33.85
30,Jackson,moderate,4/17/2021,40.94,"8,520",18.40%,"8,519",22.60%,"5,152",53.80%,"46,414",50.55,2.4,11.3,20.6,20.62
31,Jefferson,substantial,4/17/2021,77.21,"4,391",30.80%,"4,391",36.90%,"3,180",90.60%,"14,246",23.82,2.04,6.4,14.1,24.65
32,Lafayette,moderate,4/17/2021,suppressed,"1,286",15.30%,"1,286",19.10%,"1,058",72.70%,"8,422",15.5,3.43,17.6,20.1,17.28
33,Lake,high,4/17/2021,190.95,"102,215",27.80%,"102,127",34.30%,"73,774",74.20%,"367,118",386.13,2.55,11.6,12.5,27.07
34,Lee,high,4/17/2021,205.69,"180,522",23.40%,"180,487",28.30%,"137,247",61.10%,"770,577",986.08,2.61,14.3,14,29.15
35,Leon,substantial,4/17/2021,88.22,"67,155",22.90%,"67,072",28.10%,"31,433",77.10%,"293,582",440.23,2.43,8.2,20.4,13.89
36,Levy,high,4/17/2021,199.99,"7,298",17.60%,"7,293",21.80%,"5,264",50.40%,"41,503",37.12,2.41,15.5,20.7,25.15
37,Liberty,moderate,4/17/2021,suppressed,"1,165",13.90%,"1,165",16.90%,706,56.20%,"8,354",10,2.9,18.5,13,15.04
38,Madison,moderate,4/17/2021,suppressed,"3,777",20.40%,"3,776",25%,"2,425",62.10%,"18,493",26.55,2.45,13.1,28.2,21.1
39,Manatee,high,4/17/2021,208.31,"96,589",24%,"96,569",29.20%,"70,953",62.70%,"403,253",542.28,2.57,12.7,12.5,28.06
40,Marion,substantial,4/17/2021,95.19,"86,358",23.60%,"86,337",29%,"64,159",60.10%,"365,579",230.15,2.48,12.3,16.6,29.18
41,Martin,high,4/17/2021,115.53,"46,344",28.80%,"46,325",34.30%,"35,781",70.50%,"161,000",296.05,2.41,11.5,10.5,31.53
42,Miami-Dade,high,4/17/2021,356.39,"660,260",24.30%,"658,903",30.40%,"294,306",65%,"2,716,940","1,430.09",3.07,18.1,18,16.66
43,Monroe,high,4/17/2021,161.66,"20,755",28%,"20,748",32.90%,"13,113",74.40%,"74,228",75.51,2.39,17.8,11.8,23.75
44,Nassau,substantial,4/17/2021,65.44,"24,257",27.40%,"24,244",34.10%,"15,506",76.60%,"88,625",136.62,2.55,11,10.2,22.83
45,Okaloosa,substantial,4/17/2021,90.16,"44,209",21%,"44,185",27%,"24,195",70.40%,"210,738",226.55,2.52,12.2,11.5,16.31
46,Okeechobee,high,4/17/2021,151.77,"6,843",16.20%,"6,841",20.60%,"5,311",62.60%,"42,168",54.82,2.73,18.1,22.7,20.12
47,Orange,high,4/17/2021,230.58,"285,103",20.50%,"284,472",26.20%,"114,677",66.80%,"1,393,452","1,545.08",2.81,14.5,16.1,12.31
48,Osceola,high,4/17/2021,309.51,"68,542",18.20%,"68,479",24%,"34,170",67.30%,"375,751",283.04,3.4,15.8,16.3,13.52
49,Palm Beach,high,4/17/2021,180.25,"375,889",25.10%,"375,526",31%,"243,598",66.80%,"1,496,770",761.99,2.6,13.6,12.8,24.36
50,Pasco,high,4/17/2021,198.21,"117,187",21.20%,"117,126",26.50%,"73,886",58.90%,"553,947",741.98,2.52,11.8,13.5,22.65
51,Pinellas,high,4/17/2021,176.21,"262,017",26.90%,"261,861",31.90%,"158,079",63.80%,"974,996","3,561.28",2.31,11.5,13,25.4
52,Polk,high,4/17/2021,218.41,"132,260",18.20%,"132,181",23.40%,"84,251",56.90%,"724,777",403.21,2.84,13.2,16.6,20.44
53,Putnam,high,4/17/2021,142.24,"11,177",15%,"11,175",19%,"7,873",44.50%,"74,521",102.38,2.52,16,24.8,23.72
54,Santa Rosa,substantial,4/17/2021,51,"34,667",18.80%,"34,631",24%,"19,806",65.80%,"184,313",182.06,2.68,10,9.8,16.34
55,Sarasota,high,4/17/2021,174.07,"139,604",32.20%,"139,540",37.40%,"109,203",67.40%,"433,742",780.13,2.25,11.4,9.7,37.34
56,Seminole,high,4/17/2021,198.8,"94,384",20%,"94,242",25.20%,"47,199",62.60%,"471,826","1,525.34",2.7,10.4,11.4,15.98
57,St. Johns,high,4/17/2021,113.73,"81,700",30.90%,"81,573",39.30%,"45,329",82.90%,"264,672",440.71,2.7,8.4,8.4,20.65
58,St. Lucie,high,4/17/2021,151.69,"67,804",20.70%,"67,788",25.70%,"47,745",59%,"328,297",574.3,2.68,14,15,24.65
59,Sumter,substantial,4/17/2021,94.4,"69,438",52.40%,"69,429",56.40%,"61,198",79.40%,"132,420",237.68,2.04,6.2,8.8,58.17
60,Suwannee,substantial,4/17/2021,58.54,"7,190",16.20%,"7,188",20.50%,"5,175",53.60%,"44,417",64.51,2.81,13.9,17.8,21.73
61,Taylor,moderate,4/17/2021,suppressed,"3,284",15.20%,"3,283",19%,"2,283",50.50%,"21,569",20.67,2.47,10.9,19.8,20.98
62,Union,substantial,4/17/2021,78.76,"1,563",10.30%,"1,563",12.80%,"1,091",47.10%,"15,237",62.56,2.5,12.4,22,15.21
63,Volusia,high,4/17/2021,217.43,"127,607",23.10%,"127,566",27.90%,"87,932",63.80%,"553,284",502.42,2.43,12.5,15.2,24.91
64,Wakulla,high,4/17/2021,124.49,"6,355",18.80%,"6,351",23.70%,"3,865",72%,"33,739",55.64,2.56,9,11.5,15.9
65,Walton,high,4/17/2021,203.86,"13,893",18.80%,"13,889",23.50%,"8,858",59.10%,"74,071",71.38,2.42,13.5,14.7,20.22
66,Washington,substantial,4/17/2021,54.96,"3,127",12.30%,"3,124",15.30%,"2,002",45.70%,"25,473",43.57,2.57,12.8,22.4,17.2
0,Alachua,substantial,4/19/2021,98.87,"73,169",27.20%,"73,103",33.10%,"31,020",79%,"269,043",307.29,2.54,9.2,21.8,14.6
1,Baker,substantial,4/19/2021,92.43,"3,510",12%,"3,510",15.80%,"2,193",53.30%,"29,210",49.91,2.92,12.5,14.6,14.09
2,Bay,substantial,4/19/2021,91.01,"36,528",20.90%,"36,506",26.30%,"19,072",58.60%,"174,705",230.3,2.57,14.2,14.7,18.62
3,Bradford,substantial,4/19/2021,56.74,"3,894",13.80%,"3,894",17.10%,"2,541",50.20%,"28,201",95.93,2.6,12.4,20.3,17.96
4,Brevard,high,4/19/2021,146.53,"145,030",24.10%,"144,954",29.40%,"90,819",62.30%,"601,942",593.06,2.49,10.8,12.7,24.21
5,Broward,high,4/19/2021,271.05,"460,059",23.60%,"459,165",29.80%,"218,006",65.20%,"1,952,778","1,623.50",2.77,14.6,13.5,17.13
6,Calhoun,moderate,4/19/2021,suppressed,"2,100",14.90%,"2,100",18.60%,"1,396",52.30%,"14,105",24.86,2.73,18.3,12.2,18.93
7,Charlotte,high,4/19/2021,139.22,"63,858",33.80%,"63,832",38.30%,"50,877",66%,"188,910",277.36,2.28,11.3,11.1,40.8
8,Citrus,high,4/19/2021,105.57,"40,801",27.30%,"40,795",32%,"32,959",60%,"149,657",257.18,2.24,10.4,16.7,36.71
9,Clay,high,4/19/2021,120.87,"38,916",17.70%,"38,881",23%,"20,559",57.40%,"219,252",362.63,2.81,10.4,10.6,16.35
10,Collier,high,4/19/2021,175.37,"119,078",30.90%,"119,043",37.20%,"90,947",71.80%,"384,902",192.75,2.55,16.5,12.3,32.92
11,Columbia,substantial,4/19/2021,79.51,"12,310",17.20%,"12,307",21.90%,"7,695",55.70%,"71,686",89.88,2.57,12.4,17.4,19.26
12,DeSoto,high,4/19/2021,155.26,"6,115",16.10%,"6,115",19.80%,"4,543",53.10%,"38,001",59.68,2.74,18.4,28.5,22.52
13,Dixie,substantial,4/19/2021,83.2,"2,435",14.50%,"2,435",17.70%,"1,857",46.60%,"16,826",23.86,2.28,17.2,23.1,23.68
14,Duval,high,4/19/2021,122.89,"224,710",23.50%,"224,473",30.30%,"97,049",70%,"957,755","1,255.86",2.55,12,15.5,14.47
15,Escambia,substantial,4/19/2021,83.88,"69,139",21.70%,"69,104",27.40%,"35,525",65.10%,"318,316",484.52,2.47,10.2,13.9,17.14
16,Flagler,high,4/19/2021,121.65,"33,680",29.30%,"33,670",35.10%,"24,681",68.80%,"115,081",237.21,2.62,12.7,11.9,31.19
17,Franklin,high,4/19/2021,suppressed,"2,928",24.10%,"2,928",28.50%,"2,060",70.40%,"12,125",22.24,2.35,18.3,20.7,24.13
18,Gadsden,moderate,4/19/2021,43.8,"11,413",25%,"11,407",31.90%,"5,948",69.60%,"45,660",88.44,2.47,14.9,24.6,18.7
19,Gilchrist,high,4/19/2021,145.3,"2,764",14.90%,"2,762",18.60%,"1,829",47.70%,"18,582",53.14,2.5,18.1,17.9,20.65
20,Glades,substantial,4/19/2021,suppressed,"1,780",12.90%,"1,780",15.10%,"1,328",34.90%,"13,811",17.12,2.71,19.9,17,27.57
21,Gulf,moderate,4/19/2021,suppressed,"3,146",23.10%,"3,146",28.20%,"2,302",63.70%,"13,639",24.64,2.55,11.4,13.9,26.5
22,Hamilton,substantial,4/19/2021,90.1,"2,255",15.60%,"2,255",19.30%,"1,504",56.50%,"14,428",28.08,2.44,14.3,29.5,18.46
23,Hardee,high,4/19/2021,167.06,"3,214",11.90%,"3,213",16%,"2,362",50.30%,"26,937",42.25,3.22,12.2,26.7,17.43
24,Hendry,high,4/19/2021,116.61,"6,242",14.90%,"6,239",20.30%,"3,587",62.10%,"42,022",36.34,3.17,26.2,26.8,13.75
25,Hernando,high,4/19/2021,166.05,"43,914",22.60%,"43,895",27.70%,"31,235",58.50%,"193,920",410.01,2.46,12.6,14.3,27.51
26,Highlands,high,4/19/2021,177.93,"24,646",23.20%,"24,644",27.90%,"19,734",51.50%,"106,221",104.38,2.44,12.7,19.2,36.05
27,Hillsborough,high,4/19/2021,229.9,"307,024",20.90%,"306,739",26.70%,"128,300",59.90%,"1,471,968","1,440.39",2.63,13,15.3,14.54
28,Holmes,moderate,4/19/2021,suppressed,"2,552",13%,"2,551",16.30%,"1,715",43.70%,"19,617",40.97,2.51,18.9,25.6,19.99
29,Indian River,high,4/19/2021,114.43,"47,745",29.90%,"47,729",35.40%,"36,372",67.20%,"159,923",318.08,2.6,12.1,12.2,33.85
30,Jackson,moderate,4/19/2021,45.24,"8,652",18.60%,"8,651",23%,"5,193",54.30%,"46,414",50.55,2.4,11.3,20.6,20.62
31,Jefferson,high,4/19/2021,119.33,"4,427",31.10%,"4,427",37.20%,"3,182",90.60%,"14,246",23.82,2.04,6.4,14.1,24.65
32,Lafayette,moderate,4/19/2021,suppressed,"1,294",15.40%,"1,294",19.20%,"1,058",72.70%,"8,422",15.5,3.43,17.6,20.1,17.28
33,Lake,high,4/19/2021,178.69,"106,103",28.90%,"106,010",35.60%,"74,780",75.20%,"367,118",386.13,2.55,11.6,12.5,27.07
34,Lee,high,4/19/2021,208.67,"191,102",24.80%,"191,063",30%,"143,495",63.90%,"770,577",986.08,2.61,14.3,14,29.15
35,Leon,substantial,4/19/2021,92.31,"69,464",23.70%,"69,371",29%,"31,548",77.40%,"293,582",440.23,2.43,8.2,20.4,13.89
36,Levy,high,4/19/2021,197.58,"7,414",17.90%,"7,409",22.20%,"5,304",50.80%,"41,503",37.12,2.41,15.5,20.7,25.15
37,Liberty,moderate,4/19/2021,suppressed,"1,167",14%,"1,167",16.90%,706,56.20%,"8,354",10,2.9,18.5,13,15.04
38,Madison,moderate,4/19/2021,suppressed,"3,788",20.50%,"3,787",25.10%,"2,428",62.20%,"18,493",26.55,2.45,13.1,28.2,21.1
39,Manatee,high,4/19/2021,211.03,"99,407",24.70%,"99,384",30%,"71,770",63.40%,"403,253",542.28,2.57,12.7,12.5,28.06
40,Marion,high,4/19/2021,109.69,"89,056",24.40%,"89,033",29.90%,"64,938",60.90%,"365,579",230.15,2.48,12.3,16.6,29.18
41,Martin,high,4/19/2021,124.22,"47,555",29.50%,"47,536",35.20%,"36,162",71.20%,"161,000",296.05,2.41,11.5,10.5,31.53
42,Miami-Dade,high,4/19/2021,346.53,"680,659",25.10%,"679,218",31.30%,"297,413",65.70%,"2,716,940","1,430.09",3.07,18.1,18,16.66
43,Monroe,high,4/19/2021,136.07,"21,627",29.10%,"21,618",34.30%,"13,334",75.60%,"74,228",75.51,2.39,17.8,11.8,23.75
44,Nassau,substantial,4/19/2021,83.5,"25,172",28.40%,"25,158",35.40%,"15,581",77%,"88,625",136.62,2.55,11,10.2,22.83
45,Okaloosa,substantial,4/19/2021,81.62,"44,920",21.30%,"44,896",27.40%,"24,284",70.60%,"210,738",226.55,2.52,12.2,11.5,16.31
46,Okeechobee,high,4/19/2021,149.4,"6,954",16.50%,"6,952",20.90%,"5,334",62.90%,"42,168",54.82,2.73,18.1,22.7,20.12
47,Orange,high,4/19/2021,223.69,"295,067",21.20%,"294,391",27.10%,"115,897",67.60%,"1,393,452","1,545.08",2.81,14.5,16.1,12.31
48,Osceola,high,4/19/2021,303.66,"71,547",19%,"71,475",25.10%,"34,511",68%,"375,751",283.04,3.4,15.8,16.3,13.52
49,Palm Beach,high,4/19/2021,181.59,"384,787",25.70%,"384,394",31.70%,"245,184",67.30%,"1,496,770",761.99,2.6,13.6,12.8,24.36
50,Pasco,high,4/19/2021,198.57,"120,684",21.80%,"120,618",27.30%,"74,693",59.50%,"553,947",741.98,2.52,11.8,13.5,22.65
51,Pinellas,high,4/19/2021,166.77,"272,439",27.90%,"272,266",33.20%,"159,974",64.60%,"974,996","3,561.28",2.31,11.5,13,25.4
52,Polk,high,4/19/2021,229.31,"136,143",18.80%,"136,057",24.10%,"85,163",57.50%,"724,777",403.21,2.84,13.2,16.6,20.44
53,Putnam,high,4/19/2021,157,"11,570",15.50%,"11,568",19.70%,"7,993",45.20%,"74,521",102.38,2.52,16,24.8,23.72
54,Santa Rosa,moderate,4/19/2021,41.78,"35,276",19.10%,"35,240",24.50%,"19,920",66.10%,"184,313",182.06,2.68,10,9.8,16.34
55,Sarasota,high,4/19/2021,168.53,"143,701",33.10%,"143,634",38.50%,"111,240",68.70%,"433,742",780.13,2.25,11.4,9.7,37.34
56,Seminole,high,4/19/2021,193.08,"97,403",20.60%,"97,243",26%,"47,551",63.10%,"471,826","1,525.34",2.7,10.4,11.4,15.98
57,St. Johns,high,4/19/2021,106.92,"84,054",31.80%,"83,910",40.40%,"45,488",83.20%,"264,672",440.71,2.7,8.4,8.4,20.65
58,St. Lucie,high,4/19/2021,156.57,"69,358",21.10%,"69,338",26.20%,"48,113",59.50%,"328,297",574.3,2.68,14,15,24.65
59,Sumter,substantial,4/19/2021,85.33,"70,692",53.40%,"70,682",57.50%,"61,613",80%,"132,420",237.68,2.04,6.2,8.8,58.17
60,Suwannee,substantial,4/19/2021,78.8,"7,321",16.50%,"7,319",20.90%,"5,197",53.90%,"44,417",64.51,2.81,13.9,17.8,21.73
61,Taylor,moderate,4/19/2021,suppressed,"3,323",15.40%,"3,322",19.20%,"2,289",50.60%,"21,569",20.67,2.47,10.9,19.8,20.98
62,Union,substantial,4/19/2021,85.32,"1,685",11.10%,"1,685",13.80%,"1,109",47.90%,"15,237",62.56,2.5,12.4,22,15.21
63,Volusia,high,4/19/2021,214.54,"131,981",23.90%,"131,935",28.90%,"89,166",64.70%,"553,284",502.42,2.43,12.5,15.2,24.91
64,Wakulla,high,4/19/2021,148.2,"6,474",19.20%,"6,469",24.20%,"3,878",72.30%,"33,739",55.64,2.56,9,11.5,15.9
65,Walton,high,4/19/2021,137.71,"14,264",19.30%,"14,260",24.20%,"8,950",59.80%,"74,071",71.38,2.42,13.5,14.7,20.22
66,Washington,moderate,4/19/2021,suppressed,"3,150",12.40%,"3,147",15.40%,"2,007",45.80%,"25,473",43.57,2.57,12.8,22.4,17.2
0,Alachua,high,4/20/2021,101.1,"73,536",27.30%,"73,466",33.30%,"31,041",79%,"269,043",307.29,2.54,9.2,21.8,14.6
1,Baker,high,4/20/2021,106.13,"3,515",12%,"3,515",15.80%,"2,193",53.30%,"29,210",49.91,2.92,12.5,14.6,14.09
2,Bay,substantial,4/20/2021,92.16,"36,600",20.90%,"36,578",26.40%,"19,086",58.70%,"174,705",230.3,2.57,14.2,14.7,18.62
3,Bradford,substantial,4/20/2021,67.37,"3,903",13.80%,"3,903",17.20%,"2,541",50.20%,"28,201",95.93,2.6,12.4,20.3,17.96
4,Brevard,high,4/20/2021,145.7,"145,978",24.30%,"145,898",29.60%,"90,943",62.40%,"601,942",593.06,2.49,10.8,12.7,24.21
5,Broward,high,4/20/2021,273.97,"463,486",23.70%,"462,565",30%,"218,360",65.30%,"1,952,778","1,623.50",2.77,14.6,13.5,17.13
6,Calhoun,moderate,4/20/2021,suppressed,"2,100",14.90%,"2,100",18.60%,"1,396",52.30%,"14,105",24.86,2.73,18.3,12.2,18.93
7,Charlotte,high,4/20/2021,135.51,"63,994",33.90%,"63,968",38.40%,"50,934",66.10%,"188,910",277.36,2.28,11.3,11.1,40.8
8,Citrus,high,4/20/2021,104.91,"40,863",27.30%,"40,856",32%,"32,970",60%,"149,657",257.18,2.24,10.4,16.7,36.71
9,Clay,high,4/20/2021,135.46,"39,048",17.80%,"39,012",23.10%,"20,570",57.40%,"219,252",362.63,2.81,10.4,10.6,16.35
10,Collier,high,4/20/2021,175.89,"119,492",31%,"119,457",37.30%,"91,017",71.80%,"384,902",192.75,2.55,16.5,12.3,32.92
11,Columbia,substantial,4/20/2021,78.12,"12,359",17.20%,"12,356",22%,"7,705",55.80%,"71,686",89.88,2.57,12.4,17.4,19.26
12,DeSoto,high,4/20/2021,147.36,"6,130",16.10%,"6,130",19.90%,"4,551",53.20%,"38,001",59.68,2.74,18.4,28.5,22.52
13,Dixie,substantial,4/20/2021,65.38,"2,499",14.90%,"2,499",18.20%,"1,877",47.10%,"16,826",23.86,2.28,17.2,23.1,23.68
14,Duval,high,4/20/2021,123.83,"226,635",23.70%,"226,392",30.50%,"97,160",70.10%,"957,755","1,255.86",2.55,12,15.5,14.47
15,Escambia,substantial,4/20/2021,84.19,"69,248",21.80%,"69,212",27.50%,"35,539",65.10%,"318,316",484.52,2.47,10.2,13.9,17.14
16,Flagler,high,4/20/2021,121.65,"33,785",29.40%,"33,775",35.20%,"24,697",68.80%,"115,081",237.21,2.62,12.7,11.9,31.19
17,Franklin,high,4/20/2021,suppressed,"2,928",24.10%,"2,928",28.50%,"2,060",70.40%,"12,125",22.24,2.35,18.3,20.7,24.13
18,Gadsden,substantial,4/20/2021,70.08,"11,459",25.10%,"11,453",32%,"5,954",69.70%,"45,660",88.44,2.47,14.9,24.6,18.7
19,Gilchrist,high,4/20/2021,145.3,"2,776",14.90%,"2,774",18.60%,"1,833",47.80%,"18,582",53.14,2.5,18.1,17.9,20.65
20,Glades,substantial,4/20/2021,suppressed,"1,786",12.90%,"1,786",15.10%,"1,329",34.90%,"13,811",17.12,2.71,19.9,17,27.57
21,Gulf,moderate,4/20/2021,suppressed,"3,152",23.10%,"3,152",28.30%,"2,302",63.70%,"13,639",24.64,2.55,11.4,13.9,26.5
22,Hamilton,substantial,4/20/2021,76.24,"2,261",15.70%,"2,261",19.40%,"1,504",56.50%,"14,428",28.08,2.44,14.3,29.5,18.46
23,Hardee,high,4/20/2021,170.77,"3,226",12%,"3,225",16.10%,"2,364",50.40%,"26,937",42.25,3.22,12.2,26.7,17.43
24,Hendry,high,4/20/2021,104.71,"6,261",14.90%,"6,258",20.30%,"3,587",62.10%,"42,022",36.34,3.17,26.2,26.8,13.75
25,Hernando,high,4/20/2021,188.74,"44,070",22.70%,"44,051",27.80%,"31,260",58.60%,"193,920",410.01,2.46,12.6,14.3,27.51
26,Highlands,high,4/20/2021,192.99,"24,698",23.30%,"24,695",28%,"19,752",51.60%,"106,221",104.38,2.44,12.7,19.2,36.05
27,Hillsborough,high,4/20/2021,233.29,"311,087",21.10%,"310,781",27.10%,"128,588",60.10%,"1,471,968","1,440.39",2.63,13,15.3,14.54
28,Holmes,moderate,4/20/2021,suppressed,"2,553",13%,"2,552",16.30%,"1,715",43.70%,"19,617",40.97,2.51,18.9,25.6,19.99
29,Indian River,high,4/20/2021,111.93,"47,808",29.90%,"47,792",35.40%,"36,381",67.20%,"159,923",318.08,2.6,12.1,12.2,33.85
30,Jackson,substantial,4/20/2021,58.17,"8,658",18.70%,"8,657",23%,"5,193",54.30%,"46,414",50.55,2.4,11.3,20.6,20.62
31,Jefferson,high,4/20/2021,133.37,"4,430",31.10%,"4,430",37.30%,"3,183",90.70%,"14,246",23.82,2.04,6.4,14.1,24.65
32,Lafayette,moderate,4/20/2021,suppressed,"1,295",15.40%,"1,295",19.20%,"1,058",72.70%,"8,422",15.5,3.43,17.6,20.1,17.28
33,Lake,high,4/20/2021,186.59,"106,393",29%,"106,298",35.70%,"74,828",75.30%,"367,118",386.13,2.55,11.6,12.5,27.07
34,Lee,high,4/20/2021,212.7,"191,878",24.90%,"191,837",30.10%,"143,658",64%,"770,577",986.08,2.61,14.3,14,29.15
35,Leon,substantial,4/20/2021,96.05,"69,924",23.80%,"69,822",29.20%,"31,571",77.40%,"293,582",440.23,2.43,8.2,20.4,13.89
36,Levy,high,4/20/2021,207.21,"7,534",18.20%,"7,529",22.50%,"5,335",51.10%,"41,503",37.12,2.41,15.5,20.7,25.15
37,Liberty,moderate,4/20/2021,suppressed,"1,167",14%,"1,167",16.90%,706,56.20%,"8,354",10,2.9,18.5,13,15.04
38,Madison,moderate,4/20/2021,suppressed,"3,792",20.50%,"3,791",25.10%,"2,428",62.20%,"18,493",26.55,2.45,13.1,28.2,21.1
39,Manatee,high,4/20/2021,213.02,"99,714",24.70%,"99,689",30.10%,"71,832",63.50%,"403,253",542.28,2.57,12.7,12.5,28.06
40,Marion,high,4/20/2021,109.69,"89,344",24.40%,"89,318",30%,"64,995",60.90%,"365,579",230.15,2.48,12.3,16.6,29.18
41,Martin,high,4/20/2021,134.16,"47,897",29.70%,"47,877",35.50%,"36,283",71.50%,"161,000",296.05,2.41,11.5,10.5,31.53
42,Miami-Dade,high,4/20/2021,368.61,"687,013",25.30%,"685,536",31.60%,"298,133",65.90%,"2,716,940","1,430.09",3.07,18.1,18,16.66
43,Monroe,high,4/20/2021,134.72,"21,894",29.50%,"21,885",34.80%,"13,445",76.30%,"74,228",75.51,2.39,17.8,11.8,23.75
44,Nassau,high,4/20/2021,102.68,"25,238",28.50%,"25,224",35.40%,"15,586",77%,"88,625",136.62,2.55,11,10.2,22.83
45,Okaloosa,substantial,4/20/2021,93.48,"45,036",21.40%,"45,011",27.50%,"24,296",70.70%,"210,738",226.55,2.52,12.2,11.5,16.31
46,Okeechobee,high,4/20/2021,135.17,"6,969",16.50%,"6,967",21%,"5,336",62.90%,"42,168",54.82,2.73,18.1,22.7,20.12
47,Orange,high,4/20/2021,227.78,"297,494",21.30%,"296,808",27.30%,"116,089",67.70%,"1,393,452","1,545.08",2.81,14.5,16.1,12.31
48,Osceola,high,4/20/2021,312.17,"72,232",19.20%,"72,156",25.30%,"34,599",68.10%,"375,751",283.04,3.4,15.8,16.3,13.52
49,Palm Beach,high,4/20/2021,191.01,"386,012",25.80%,"385,609",31.80%,"245,369",67.30%,"1,496,770",761.99,2.6,13.6,12.8,24.36
50,Pasco,high,4/20/2021,200.74,"121,479",21.90%,"121,403",27.50%,"74,821",59.60%,"553,947",741.98,2.52,11.8,13.5,22.65
51,Pinellas,high,4/20/2021,162.15,"274,093",28.10%,"273,914",33.40%,"160,213",64.70%,"974,996","3,561.28",2.31,11.5,13,25.4
52,Polk,high,4/20/2021,232.07,"137,120",18.90%,"137,031",24.20%,"85,415",57.60%,"724,777",403.21,2.84,13.2,16.6,20.44
53,Putnam,high,4/20/2021,163.71,"11,614",15.60%,"11,611",19.80%,"7,995",45.20%,"74,521",102.38,2.52,16,24.8,23.72
54,Santa Rosa,moderate,4/20/2021,46.12,"35,329",19.20%,"35,293",24.50%,"19,921",66.10%,"184,313",182.06,2.68,10,9.8,16.34
55,Sarasota,high,4/20/2021,179.6,"144,412",33.30%,"144,342",38.70%,"111,679",69%,"433,742",780.13,2.25,11.4,9.7,37.34
56,Seminole,high,4/20/2021,204.95,"97,847",20.70%,"97,684",26.10%,"47,564",63.10%,"471,826","1,525.34",2.7,10.4,11.4,15.98
57,St. Johns,high,4/20/2021,114.86,"84,283",31.80%,"84,135",40.60%,"45,506",83.30%,"264,672",440.71,2.7,8.4,8.4,20.65
58,St. Lucie,high,4/20/2021,154.43,"69,705",21.20%,"69,685",26.40%,"48,188",59.50%,"328,297",574.3,2.68,14,15,24.65
59,Sumter,substantial,4/20/2021,79.29,"70,751",53.40%,"70,741",57.50%,"61,649",80%,"132,420",237.68,2.04,6.2,8.8,58.17
60,Suwannee,substantial,4/20/2021,76.55,"7,342",16.50%,"7,340",20.90%,"5,200",53.90%,"44,417",64.51,2.81,13.9,17.8,21.73
61,Taylor,moderate,4/20/2021,suppressed,"3,337",15.50%,"3,335",19.30%,"2,292",50.70%,"21,569",20.67,2.47,10.9,19.8,20.98
62,Union,substantial,4/20/2021,85.32,"1,687",11.10%,"1,687",13.80%,"1,110",47.90%,"15,237",62.56,2.5,12.4,22,15.21
63,Volusia,high,4/20/2021,215.08,"132,338",23.90%,"132,287",29%,"89,226",64.70%,"553,284",502.42,2.43,12.5,15.2,24.91
64,Wakulla,high,4/20/2021,157.09,"6,494",19.20%,"6,489",24.30%,"3,880",72.30%,"33,739",55.64,2.56,9,11.5,15.9
65,Walton,high,4/20/2021,132.31,"14,279",19.30%,"14,275",24.20%,"8,950",59.80%,"74,071",71.38,2.42,13.5,14.7,20.22
66,Washington,moderate,4/20/2021,suppressed,"3,152",12.40%,"3,149",15.40%,"2,007",45.80%,"25,473",43.57,2.57,12.8,22.4,17.2
0,Alachua,high,4/21/2021,110.39,"76,109",28.30%,"76,035",34.40%,"31,409",80%,"269,043",307.29,2.54,9.2,21.8,14.6
1,Baker,high,4/21/2021,123.25,"3,570",12.20%,"3,570",16.10%,"2,204",53.50%,"29,210",49.91,2.92,12.5,14.6,14.09
2,Bay,substantial,4/21/2021,93.3,"36,807",21.10%,"36,785",26.50%,"19,130",58.80%,"174,705",230.3,2.57,14.2,14.7,18.62
3,Bradford,moderate,4/21/2021,49.64,"3,920",13.90%,"3,920",17.20%,"2,544",50.20%,"28,201",95.93,2.6,12.4,20.3,17.96
4,Brevard,high,4/21/2021,152.34,"148,333",24.60%,"148,253",30.10%,"91,730",62.90%,"601,942",593.06,2.49,10.8,12.7,24.21
5,Broward,high,4/21/2021,292.76,"471,059",24.10%,"470,106",30.50%,"219,106",65.50%,"1,952,778","1,623.50",2.77,14.6,13.5,17.13
6,Calhoun,moderate,4/21/2021,suppressed,"2,105",14.90%,"2,105",18.60%,"1,396",52.30%,"14,105",24.86,2.73,18.3,12.2,18.93
7,Charlotte,high,4/21/2021,144.51,"64,987",34.40%,"64,959",39%,"51,461",66.80%,"188,910",277.36,2.28,11.3,11.1,40.8
8,Citrus,high,4/21/2021,118.94,"41,769",27.90%,"41,762",32.70%,"33,364",60.70%,"149,657",257.18,2.24,10.4,16.7,36.71
9,Clay,high,4/21/2021,151.88,"39,674",18.10%,"39,637",23.50%,"20,639",57.60%,"219,252",362.63,2.81,10.4,10.6,16.35
10,Collier,high,4/21/2021,186.02,"120,574",31.30%,"120,535",37.60%,"91,306",72.10%,"384,902",192.75,2.55,16.5,12.3,32.92
11,Columbia,substantial,4/21/2021,80.91,"12,449",17.40%,"12,446",22.10%,"7,727",56%,"71,686",89.88,2.57,12.4,17.4,19.26
12,DeSoto,high,4/21/2021,155.26,"6,185",16.30%,"6,185",20%,"4,567",53.40%,"38,001",59.68,2.74,18.4,28.5,22.52
13,Dixie,substantial,4/21/2021,71.32,"2,521",15%,"2,521",18.30%,"1,884",47.30%,"16,826",23.86,2.28,17.2,23.1,23.68
14,Duval,high,4/21/2021,129.68,"230,613",24.10%,"230,360",31%,"97,533",70.40%,"957,755","1,255.86",2.55,12,15.5,14.47
15,Escambia,substantial,4/21/2021,84.82,"69,855",21.90%,"69,816",27.70%,"35,597",65.20%,"318,316",484.52,2.47,10.2,13.9,17.14
16,Flagler,high,4/21/2021,126,"34,245",29.80%,"34,235",35.70%,"24,917",69.40%,"115,081",237.21,2.62,12.7,11.9,31.19
17,Franklin,substantial,4/21/2021,suppressed,"2,982",24.60%,"2,982",29.10%,"2,065",70.60%,"12,125",22.24,2.35,18.3,20.7,24.13
18,Gadsden,substantial,4/21/2021,70.08,"11,618",25.40%,"11,611",32.40%,"5,984",70.10%,"45,660",88.44,2.47,14.9,24.6,18.7
19,Gilchrist,high,4/21/2021,161.45,"2,805",15.10%,"2,803",18.80%,"1,843",48%,"18,582",53.14,2.5,18.1,17.9,20.65
20,Glades,substantial,4/21/2021,suppressed,"1,901",13.80%,"1,901",16.10%,"1,355",35.60%,"13,811",17.12,2.71,19.9,17,27.57
21,Gulf,moderate,4/21/2021,suppressed,"3,176",23.30%,"3,176",28.50%,"2,311",63.90%,"13,639",24.64,2.55,11.4,13.9,26.5
22,Hamilton,substantial,4/21/2021,76.24,"2,284",15.80%,"2,284",19.50%,"1,507",56.60%,"14,428",28.08,2.44,14.3,29.5,18.46
23,Hardee,high,4/21/2021,185.62,"3,258",12.10%,"3,257",16.20%,"2,376",50.60%,"26,937",42.25,3.22,12.2,26.7,17.43
24,Hendry,high,4/21/2021,116.61,"6,444",15.30%,"6,441",20.90%,"3,615",62.60%,"42,022",36.34,3.17,26.2,26.8,13.75
25,Hernando,high,4/21/2021,199.57,"44,629",23%,"44,608",28.10%,"31,416",58.90%,"193,920",410.01,2.46,12.6,14.3,27.51
26,Highlands,high,4/21/2021,197.7,"25,190",23.70%,"25,187",28.50%,"20,004",52.20%,"106,221",104.38,2.44,12.7,19.2,36.05
27,Hillsborough,high,4/21/2021,245.11,"317,699",21.60%,"317,374",27.70%,"129,277",60.40%,"1,471,968","1,440.39",2.63,13,15.3,14.54
28,Holmes,moderate,4/21/2021,suppressed,"2,557",13%,"2,556",16.40%,"1,716",43.80%,"19,617",40.97,2.51,18.9,25.6,19.99
29,Indian River,high,4/21/2021,111.93,"47,992",30%,"47,976",35.60%,"36,440",67.30%,"159,923",318.08,2.6,12.1,12.2,33.85
30,Jackson,substantial,4/21/2021,56.02,"8,676",18.70%,"8,675",23%,"5,202",54.40%,"46,414",50.55,2.4,11.3,20.6,20.62
31,Jefferson,high,4/21/2021,133.37,"4,448",31.20%,"4,448",37.40%,"3,184",90.70%,"14,246",23.82,2.04,6.4,14.1,24.65
32,Lafayette,substantial,4/21/2021,suppressed,"1,318",15.60%,"1,318",19.50%,"1,062",73%,"8,422",15.5,3.43,17.6,20.1,17.28
33,Lake,high,4/21/2021,197.48,"108,745",29.60%,"108,649",36.50%,"75,530",76%,"367,118",386.13,2.55,11.6,12.5,27.07
34,Lee,high,4/21/2021,238.52,"194,256",25.20%,"194,212",30.50%,"144,504",64.30%,"770,577",986.08,2.61,14.3,14,29.15
35,Leon,substantial,4/21/2021,99.8,"71,298",24.30%,"71,187",29.80%,"31,645",77.60%,"293,582",440.23,2.43,8.2,20.4,13.89
36,Levy,high,4/21/2021,204.8,"7,812",18.80%,"7,806",23.30%,"5,433",52.10%,"41,503",37.12,2.41,15.5,20.7,25.15
37,Liberty,moderate,4/21/2021,suppressed,"1,169",14%,"1,169",16.90%,707,56.30%,"8,354",10,2.9,18.5,13,15.04
38,Madison,moderate,4/21/2021,suppressed,"3,843",20.80%,"3,842",25.50%,"2,431",62.30%,"18,493",26.55,2.45,13.1,28.2,21.1
39,Manatee,high,4/21/2021,223.18,"102,474",25.40%,"102,447",31%,"72,826",64.40%,"403,253",542.28,2.57,12.7,12.5,28.06
40,Marion,high,4/21/2021,120.9,"90,363",24.70%,"90,335",30.30%,"65,273",61.20%,"365,579",230.15,2.48,12.3,16.6,29.18
41,Martin,high,4/21/2021,139.75,"48,286",30%,"48,266",35.80%,"36,401",71.70%,"161,000",296.05,2.41,11.5,10.5,31.53
42,Miami-Dade,high,4/21/2021,388.45,"697,459",25.70%,"695,938",32.10%,"299,154",66.10%,"2,716,940","1,430.09",3.07,18.1,18,16.66
43,Monroe,high,4/21/2021,148.19,"22,225",29.90%,"22,215",35.30%,"13,477",76.50%,"74,228",75.51,2.39,17.8,11.8,23.75
44,Nassau,high,4/21/2021,117.35,"25,466",28.70%,"25,451",35.80%,"15,603",77.10%,"88,625",136.62,2.55,11,10.2,22.83
45,Okaloosa,substantial,4/21/2021,98.23,"46,003",21.80%,"45,976",28.10%,"24,451",71.10%,"210,738",226.55,2.52,12.2,11.5,16.31
46,Okeechobee,high,4/21/2021,142.29,"7,039",16.70%,"7,037",21.20%,"5,354",63.10%,"42,168",54.82,2.73,18.1,22.7,20.12
47,Orange,high,4/21/2021,240.63,"304,633",21.90%,"303,932",27.90%,"117,069",68.20%,"1,393,452","1,545.08",2.81,14.5,16.1,12.31
48,Osceola,high,4/21/2021,329.74,"73,643",19.60%,"73,565",25.80%,"34,884",68.70%,"375,751",283.04,3.4,15.8,16.3,13.52
49,Palm Beach,high,4/21/2021,199.96,"391,497",26.20%,"391,070",32.20%,"246,076",67.50%,"1,496,770",761.99,2.6,13.6,12.8,24.36
50,Pasco,high,4/21/2021,211.21,"123,406",22.30%,"123,325",27.90%,"75,288",60%,"553,947",741.98,2.52,11.8,13.5,22.65
51,Pinellas,high,4/21/2021,172.72,"278,570",28.60%,"278,382",34%,"160,845",65%,"974,996","3,561.28",2.31,11.5,13,25.4
52,Polk,high,4/21/2021,243.52,"140,006",19.30%,"139,913",24.70%,"86,415",58.30%,"724,777",403.21,2.84,13.2,16.6,20.44
53,Putnam,high,4/21/2021,177.13,"11,941",16%,"11,938",20.30%,"8,075",45.70%,"74,521",102.38,2.52,16,24.8,23.72
54,Santa Rosa,moderate,4/21/2021,48.83,"35,500",19.30%,"35,463",24.60%,"19,957",66.30%,"184,313",182.06,2.68,10,9.8,16.34
55,Sarasota,high,4/21/2021,192.51,"146,640",33.80%,"146,565",39.30%,"112,993",69.80%,"433,742",780.13,2.25,11.4,9.7,37.34
56,Seminole,high,4/21/2021,224.87,"100,149",21.20%,"99,973",26.80%,"48,028",63.70%,"471,826","1,525.34",2.7,10.4,11.4,15.98
57,St. Johns,high,4/21/2021,122.42,"85,555",32.30%,"85,400",41.20%,"45,585",83.40%,"264,672",440.71,2.7,8.4,8.4,20.65
58,St. Lucie,high,4/21/2021,155.35,"71,003",21.60%,"70,983",26.90%,"48,522",60%,"328,297",574.3,2.68,14,15,24.65
59,Sumter,substantial,4/21/2021,83.82,"71,333",53.90%,"71,323",58%,"61,894",80.30%,"132,420",237.68,2.04,6.2,8.8,58.17
60,Suwannee,substantial,4/21/2021,74.3,"7,422",16.70%,"7,420",21.20%,"5,206",53.90%,"44,417",64.51,2.81,13.9,17.8,21.73
61,Taylor,moderate,4/21/2021,suppressed,"3,383",15.70%,"3,381",19.50%,"2,298",50.80%,"21,569",20.67,2.47,10.9,19.8,20.98
62,Union,substantial,4/21/2021,85.32,"1,693",11.10%,"1,693",13.80%,"1,111",47.90%,"15,237",62.56,2.5,12.4,22,15.21
63,Volusia,high,4/21/2021,226.29,"133,843",24.20%,"133,790",29.30%,"89,902",65.20%,"553,284",502.42,2.43,12.5,15.2,24.91
64,Wakulla,high,4/21/2021,171.91,"6,566",19.50%,"6,561",24.50%,"3,883",72.40%,"33,739",55.64,2.56,9,11.5,15.9
65,Walton,high,4/21/2021,126.91,"14,348",19.40%,"14,344",24.30%,"8,963",59.80%,"74,071",71.38,2.42,13.5,14.7,20.22
66,Washington,moderate,4/21/2021,suppressed,"3,162",12.40%,"3,159",15.50%,"2,007",45.80%,"25,473",43.57,2.57,12.8,22.4,17.2
0,Alachua,high,4/22/2021,112.99,"77,333",28.70%,"77,251",35%,"31,509",80.20%,"269,043",307.29,2.54,9.2,21.8,14.6
1,Baker,high,4/22/2021,123.25,"3,634",12.40%,"3,634",16.30%,"2,208",53.60%,"29,210",49.91,2.92,12.5,14.6,14.09
2,Bay,substantial,4/22/2021,84.71,"37,092",21.20%,"37,069",26.70%,"19,198",59%,"174,705",230.3,2.57,14.2,14.7,18.62
3,Bradford,moderate,4/22/2021,42.55,"3,968",14.10%,"3,968",17.50%,"2,549",50.30%,"28,201",95.93,2.6,12.4,20.3,17.96
4,Brevard,high,4/22/2021,151.84,"152,141",25.30%,"152,061",30.90%,"92,848",63.70%,"601,942",593.06,2.49,10.8,12.7,24.21
5,Broward,high,4/22/2021,260.91,"481,336",24.60%,"480,348",31.10%,"220,286",65.80%,"1,952,778","1,623.50",2.77,14.6,13.5,17.13
6,Calhoun,moderate,4/22/2021,suppressed,"2,111",15%,"2,111",18.70%,"1,397",52.30%,"14,105",24.86,2.73,18.3,12.2,18.93
7,Charlotte,high,4/22/2021,133.93,"65,886",34.90%,"65,857",39.50%,"51,917",67.40%,"188,910",277.36,2.28,11.3,11.1,40.8
8,Citrus,high,4/22/2021,122.28,"42,441",28.40%,"42,434",33.20%,"33,606",61.20%,"149,657",257.18,2.24,10.4,16.7,36.71
9,Clay,high,4/22/2021,143.21,"40,733",18.60%,"40,696",24.10%,"20,768",57.90%,"219,252",362.63,2.81,10.4,10.6,16.35
10,Collier,high,4/22/2021,172.77,"123,077",32%,"123,035",38.40%,"92,202",72.80%,"384,902",192.75,2.55,16.5,12.3,32.92
11,Columbia,substantial,4/22/2021,68.35,"12,811",17.90%,"12,807",22.80%,"7,791",56.40%,"71,686",89.88,2.57,12.4,17.4,19.26
12,DeSoto,high,4/22/2021,155.26,"6,213",16.30%,"6,213",20.10%,"4,575",53.50%,"38,001",59.68,2.74,18.4,28.5,22.52
13,Dixie,substantial,4/22/2021,65.38,"2,543",15.10%,"2,543",18.50%,"1,893",47.50%,"16,826",23.86,2.28,17.2,23.1,23.68
14,Duval,high,4/22/2021,121.74,"235,811",24.60%,"235,550",31.70%,"98,055",70.70%,"957,755","1,255.86",2.55,12,15.5,14.47
15,Escambia,substantial,4/22/2021,83.56,"73,014",22.90%,"72,975",28.90%,"36,158",66.30%,"318,316",484.52,2.47,10.2,13.9,17.14
16,Flagler,high,4/22/2021,122.52,"34,614",30.10%,"34,604",36.10%,"24,991",69.60%,"115,081",237.21,2.62,12.7,11.9,31.19
17,Franklin,substantial,4/22/2021,suppressed,"3,015",24.90%,"3,015",29.40%,"2,067",70.60%,"12,125",22.24,2.35,18.3,20.7,24.13
18,Gadsden,substantial,4/22/2021,59.13,"11,756",25.70%,"11,748",32.80%,"6,008",70.40%,"45,660",88.44,2.47,14.9,24.6,18.7
19,Gilchrist,high,4/22/2021,166.83,"2,824",15.20%,"2,822",19%,"1,847",48.10%,"18,582",53.14,2.5,18.1,17.9,20.65
20,Glades,substantial,4/22/2021,suppressed,"1,928",14%,"1,928",16.30%,"1,359",35.70%,"13,811",17.12,2.71,19.9,17,27.57
21,Gulf,moderate,4/22/2021,suppressed,"3,267",24%,"3,267",29.30%,"2,321",64.20%,"13,639",24.64,2.55,11.4,13.9,26.5
22,Hamilton,high,4/22/2021,103.96,"2,293",15.90%,"2,293",19.60%,"1,509",56.60%,"14,428",28.08,2.44,14.3,29.5,18.46
23,Hardee,high,4/22/2021,193.04,"3,285",12.20%,"3,284",16.40%,"2,382",50.70%,"26,937",42.25,3.22,12.2,26.7,17.43
24,Hendry,high,4/22/2021,107.09,"6,498",15.50%,"6,495",21.10%,"3,625",62.70%,"42,022",36.34,3.17,26.2,26.8,13.75
25,Hernando,high,4/22/2021,191.83,"45,410",23.40%,"45,389",28.60%,"31,682",59.40%,"193,920",410.01,2.46,12.6,14.3,27.51
26,Highlands,high,4/22/2021,194.88,"25,331",23.80%,"25,328",28.70%,"20,048",52.40%,"106,221",104.38,2.44,12.7,19.2,36.05
27,Hillsborough,high,4/22/2021,231.32,"325,442",22.10%,"325,095",28.30%,"130,027",60.80%,"1,471,968","1,440.39",2.63,13,15.3,14.54
28,Holmes,moderate,4/22/2021,suppressed,"2,561",13.10%,"2,560",16.40%,"1,717",43.80%,"19,617",40.97,2.51,18.9,25.6,19.99
29,Indian River,high,4/22/2021,103.17,"48,487",30.30%,"48,471",35.90%,"36,535",67.50%,"159,923",318.08,2.6,12.1,12.2,33.85
30,Jackson,substantial,4/22/2021,60.33,"8,687",18.70%,"8,686",23.10%,"5,204",54.40%,"46,414",50.55,2.4,11.3,20.6,20.62
31,Jefferson,high,4/22/2021,112.31,"4,484",31.50%,"4,484",37.70%,"3,188",90.80%,"14,246",23.82,2.04,6.4,14.1,24.65
32,Lafayette,moderate,4/22/2021,suppressed,"1,351",16%,"1,351",20%,"1,065",73.20%,"8,422",15.5,3.43,17.6,20.1,17.28
33,Lake,high,4/22/2021,189.04,"112,033",30.50%,"111,934",37.60%,"76,168",76.60%,"367,118",386.13,2.55,11.6,12.5,27.07
34,Lee,high,4/22/2021,213.09,"199,258",25.90%,"199,212",31.30%,"146,558",65.20%,"770,577",986.08,2.61,14.3,14,29.15
35,Leon,substantial,4/22/2021,86.52,"73,172",24.90%,"73,058",30.60%,"31,725",77.80%,"293,582",440.23,2.43,8.2,20.4,13.89
36,Levy,high,4/22/2021,195.17,"8,017",19.30%,"8,011",24%,"5,496",52.70%,"41,503",37.12,2.41,15.5,20.7,25.15
37,Liberty,moderate,4/22/2021,suppressed,"1,173",14%,"1,173",17%,707,56.30%,"8,354",10,2.9,18.5,13,15.04
38,Madison,moderate,4/22/2021,suppressed,"3,857",20.90%,"3,856",25.60%,"2,436",62.40%,"18,493",26.55,2.45,13.1,28.2,21.1
39,Manatee,high,4/22/2021,221.45,"105,285",26.10%,"105,252",31.80%,"73,403",64.90%,"403,253",542.28,2.57,12.7,12.5,28.06
40,Marion,high,4/22/2021,123.37,"91,745",25.10%,"91,715",30.80%,"65,613",61.50%,"365,579",230.15,2.48,12.3,16.6,29.18
41,Martin,high,4/22/2021,138.51,"49,073",30.50%,"49,052",36.40%,"36,538",72%,"161,000",296.05,2.41,11.5,10.5,31.53
42,Miami-Dade,high,4/22/2021,352.46,"710,221",26.10%,"708,635",32.70%,"300,820",66.50%,"2,716,940","1,430.09",3.07,18.1,18,16.66
43,Monroe,high,4/22/2021,127.98,"22,707",30.60%,"22,697",36%,"13,568",77%,"74,228",75.51,2.39,17.8,11.8,23.75
44,Nassau,high,4/22/2021,115.09,"25,969",29.30%,"25,954",36.50%,"15,660",77.40%,"88,625",136.62,2.55,11,10.2,22.83
45,Okaloosa,substantial,4/22/2021,92.06,"46,439",22%,"46,409",28.30%,"24,521",71.30%,"210,738",226.55,2.52,12.2,11.5,16.31
46,Okeechobee,high,4/22/2021,132.8,"7,281",17.30%,"7,279",21.90%,"5,432",64%,"42,168",54.82,2.73,18.1,22.7,20.12
47,Orange,high,4/22/2021,214.5,"313,063",22.50%,"312,342",28.70%,"117,837",68.70%,"1,393,452","1,545.08",2.81,14.5,16.1,12.31
48,Osceola,high,4/22/2021,304.99,"75,702",20.10%,"75,619",26.50%,"35,147",69.20%,"375,751",283.04,3.4,15.8,16.3,13.52
49,Palm Beach,high,4/22/2021,187.34,"398,364",26.60%,"397,920",32.80%,"247,324",67.80%,"1,496,770",761.99,2.6,13.6,12.8,24.36
50,Pasco,high,4/22/2021,201.46,"126,678",22.90%,"126,588",28.70%,"76,281",60.80%,"553,947",741.98,2.52,11.8,13.5,22.65
51,Pinellas,high,4/22/2021,158.05,"285,066",29.20%,"284,868",34.70%,"162,023",65.40%,"974,996","3,561.28",2.31,11.5,13,25.4
52,Polk,high,4/22/2021,232.35,"142,776",19.70%,"142,680",25.20%,"87,154",58.80%,"724,777",403.21,2.84,13.2,16.6,20.44
53,Putnam,high,4/22/2021,179.82,"12,086",16.20%,"12,083",20.60%,"8,101",45.80%,"74,521",102.38,2.52,16,24.8,23.72
54,Santa Rosa,moderate,4/22/2021,41.23,"36,372",19.70%,"36,335",25.20%,"20,114",66.80%,"184,313",182.06,2.68,10,9.8,16.34
55,Sarasota,high,4/22/2021,195.28,"150,100",34.60%,"150,022",40.20%,"114,303",70.60%,"433,742",780.13,2.25,11.4,9.7,37.34
56,Seminole,high,4/22/2021,220.84,"103,231",21.90%,"103,048",27.60%,"48,349",64.10%,"471,826","1,525.34",2.7,10.4,11.4,15.98
57,St. Johns,high,4/22/2021,111.84,"87,496",33.10%,"87,332",42.10%,"45,771",83.70%,"264,672",440.71,2.7,8.4,8.4,20.65
58,St. Lucie,high,4/22/2021,136.16,"72,582",22.10%,"72,561",27.50%,"48,797",60.30%,"328,297",574.3,2.68,14,15,24.65
59,Sumter,substantial,4/22/2021,72.5,"71,760",54.20%,"71,750",58.30%,"62,044",80.50%,"132,420",237.68,2.04,6.2,8.8,58.17
60,Suwannee,substantial,4/22/2021,65.29,"7,523",16.90%,"7,521",21.40%,"5,223",54.10%,"44,417",64.51,2.81,13.9,17.8,21.73
61,Taylor,moderate,4/22/2021,suppressed,"3,405",15.80%,"3,403",19.70%,"2,304",50.90%,"21,569",20.67,2.47,10.9,19.8,20.98
62,Union,substantial,4/22/2021,85.32,"1,708",11.20%,"1,708",14%,"1,112",48%,"15,237",62.56,2.5,12.4,22,15.21
63,Volusia,high,4/22/2021,215.26,"135,623",24.50%,"135,570",29.70%,"90,345",65.60%,"553,284",502.42,2.43,12.5,15.2,24.91
64,Wakulla,high,4/22/2021,160.05,"6,668",19.80%,"6,663",24.90%,"3,891",72.50%,"33,739",55.64,2.56,9,11.5,15.9
65,Walton,high,4/22/2021,122.86,"14,578",19.70%,"14,574",24.70%,"8,999",60.10%,"74,071",71.38,2.42,13.5,14.7,20.22
66,Washington,moderate,4/22/2021,suppressed,"3,169",12.40%,"3,166",15.50%,"2,011",45.90%,"25,473",43.57,2.57,12.8,22.4,17.2
0,Alachua,high,4/23/2021,112.99,"78,328",29.10%,"78,236",35.40%,"31,581",80.40%,"269,043",307.29,2.54,9.2,21.8,14.6
1,Baker,high,4/23/2021,123.25,"3,658",12.50%,"3,658",16.40%,"2,211",53.70%,"29,210",49.91,2.92,12.5,14.6,14.09
2,Bay,substantial,4/23/2021,76.13,"37,387",21.40%,"37,364",26.90%,"19,268",59.20%,"174,705",230.3,2.57,14.2,14.7,18.62
3,Bradford,substantial,4/23/2021,56.74,"3,993",14.20%,"3,993",17.60%,"2,552",50.40%,"28,201",95.93,2.6,12.4,20.3,17.96
4,Brevard,high,4/23/2021,145.03,"156,287",26%,"156,204",31.70%,"93,948",64.50%,"601,942",593.06,2.49,10.8,12.7,24.21
5,Broward,high,4/23/2021,254,"491,746",25.20%,"490,718",31.80%,"221,354",66.20%,"1,952,778","1,623.50",2.77,14.6,13.5,17.13
6,Calhoun,substantial,4/23/2021,70.9,"2,126",15.10%,"2,126",18.80%,"1,399",52.40%,"14,105",24.86,2.73,18.3,12.2,18.93
7,Charlotte,high,4/23/2021,131.28,"67,936",36%,"67,907",40.80%,"52,703",68.40%,"188,910",277.36,2.28,11.3,11.1,40.8
8,Citrus,high,4/23/2021,131.63,"43,438",29%,"43,431",34%,"34,011",61.90%,"149,657",257.18,2.24,10.4,16.7,36.71
9,Clay,high,4/23/2021,138.2,"41,635",19%,"41,597",24.60%,"20,863",58.20%,"219,252",362.63,2.81,10.4,10.6,16.35
10,Collier,high,4/23/2021,164.98,"125,767",32.70%,"125,723",39.30%,"93,133",73.50%,"384,902",192.75,2.55,16.5,12.3,32.92
11,Columbia,substantial,4/23/2021,71.14,"13,036",18.20%,"13,032",23.20%,"7,858",56.90%,"71,686",89.88,2.57,12.4,17.4,19.26
12,DeSoto,high,4/23/2021,152.63,"6,283",16.50%,"6,282",20.40%,"4,599",53.70%,"38,001",59.68,2.74,18.4,28.5,22.52
13,Dixie,substantial,4/23/2021,71.32,"2,562",15.20%,"2,562",18.60%,"1,897",47.60%,"16,826",23.86,2.28,17.2,23.1,23.68
14,Duval,high,4/23/2021,115.69,"240,317",25.10%,"240,038",32.30%,"98,477",71.10%,"957,755","1,255.86",2.55,12,15.5,14.47
15,Escambia,substantial,4/23/2021,85.14,"74,590",23.40%,"74,551",29.60%,"36,283",66.50%,"318,316",484.52,2.47,10.2,13.9,17.14
16,Flagler,high,4/23/2021,110.36,"35,068",30.50%,"35,058",36.50%,"25,079",69.90%,"115,081",237.21,2.62,12.7,11.9,31.19
17,Franklin,moderate,4/23/2021,suppressed,"3,036",25%,"3,036",29.60%,"2,069",70.70%,"12,125",22.24,2.35,18.3,20.7,24.13
18,Gadsden,substantial,4/23/2021,61.32,"11,999",26.30%,"11,991",33.50%,"6,050",70.80%,"45,660",88.44,2.47,14.9,24.6,18.7
19,Gilchrist,high,4/23/2021,134.54,"2,846",15.30%,"2,844",19.10%,"1,854",48.30%,"18,582",53.14,2.5,18.1,17.9,20.65
20,Glades,substantial,4/23/2021,86.89,"1,956",14.20%,"1,956",16.50%,"1,366",35.90%,"13,811",17.12,2.71,19.9,17,27.57
21,Gulf,substantial,4/23/2021,suppressed,"3,311",24.30%,"3,311",29.70%,"2,330",64.50%,"13,639",24.64,2.55,11.4,13.9,26.5
22,Hamilton,substantial,4/23/2021,97.03,"2,318",16.10%,"2,318",19.80%,"1,513",56.80%,"14,428",28.08,2.44,14.3,29.5,18.46
23,Hardee,high,4/23/2021,193.04,"3,498",13%,"3,497",17.40%,"2,433",51.80%,"26,937",42.25,3.22,12.2,26.7,17.43
24,Hendry,high,4/23/2021,114.23,"6,794",16.20%,"6,791",22%,"3,664",63.40%,"42,022",36.34,3.17,26.2,26.8,13.75
25,Hernando,high,4/23/2021,177.91,"46,232",23.80%,"46,211",29.10%,"31,920",59.80%,"193,920",410.01,2.46,12.6,14.3,27.51
26,Highlands,high,4/23/2021,213.71,"25,512",24%,"25,509",28.90%,"20,105",52.50%,"106,221",104.38,2.44,12.7,19.2,36.05
27,Hillsborough,high,4/23/2021,219.43,"333,680",22.70%,"333,303",29.10%,"130,684",61.10%,"1,471,968","1,440.39",2.63,13,15.3,14.54
28,Holmes,moderate,4/23/2021,suppressed,"2,605",13.30%,"2,604",16.70%,"1,725",44%,"19,617",40.97,2.51,18.9,25.6,19.99
29,Indian River,high,4/23/2021,106.93,"49,486",30.90%,"49,470",36.70%,"36,714",67.80%,"159,923",318.08,2.6,12.1,12.2,33.85
30,Jackson,substantial,4/23/2021,51.71,"8,829",19%,"8,828",23.40%,"5,235",54.70%,"46,414",50.55,2.4,11.3,20.6,20.62
31,Jefferson,high,4/23/2021,133.37,"4,737",33.30%,"4,736",39.80%,"3,220",91.70%,"14,246",23.82,2.04,6.4,14.1,24.65
32,Lafayette,substantial,4/23/2021,suppressed,"1,352",16.10%,"1,352",20%,"1,065",73.20%,"8,422",15.5,3.43,17.6,20.1,17.28
33,Lake,high,4/23/2021,171.33,"114,885",31.30%,"114,784",38.60%,"76,798",77.30%,"367,118",386.13,2.55,11.6,12.5,27.07
34,Lee,high,4/23/2021,208.8,"204,681",26.60%,"204,633",32.10%,"148,524",66.10%,"770,577",986.08,2.61,14.3,14,29.15
35,Leon,substantial,4/23/2021,94.01,"74,894",25.50%,"74,771",31.30%,"31,791",77.90%,"293,582",440.23,2.43,8.2,20.4,13.89
36,Levy,high,4/23/2021,197.58,"8,079",19.50%,"8,073",24.10%,"5,521",52.90%,"41,503",37.12,2.41,15.5,20.7,25.15
37,Liberty,moderate,4/23/2021,suppressed,"1,197",14.30%,"1,197",17.30%,713,56.80%,"8,354",10,2.9,18.5,13,15.04
38,Madison,moderate,4/23/2021,suppressed,"3,883",21%,"3,882",25.70%,"2,443",62.60%,"18,493",26.55,2.45,13.1,28.2,21.1
39,Manatee,high,4/23/2021,206.07,"107,611",26.70%,"107,573",32.50%,"73,820",65.20%,"403,253",542.28,2.57,12.7,12.5,28.06
40,Marion,high,4/23/2021,120.36,"93,253",25.50%,"93,217",31.30%,"66,106",62%,"365,579",230.15,2.48,12.3,16.6,29.18
41,Martin,high,4/23/2021,132.92,"49,943",31%,"49,922",37%,"36,733",72.40%,"161,000",296.05,2.41,11.5,10.5,31.53
42,Miami-Dade,high,4/23/2021,350.1,"724,148",26.70%,"722,506",33.30%,"302,280",66.80%,"2,716,940","1,430.09",3.07,18.1,18,16.66
43,Monroe,high,4/23/2021,140.11,"23,406",31.50%,"23,396",37.20%,"13,832",78.50%,"74,228",75.51,2.39,17.8,11.8,23.75
44,Nassau,high,4/23/2021,109.45,"26,413",29.80%,"26,398",37.10%,"15,695",77.60%,"88,625",136.62,2.55,11,10.2,22.83
45,Okaloosa,substantial,4/23/2021,83.99,"47,437",22.50%,"47,407",28.90%,"24,679",71.80%,"210,738",226.55,2.52,12.2,11.5,16.31
46,Okeechobee,high,4/23/2021,132.8,"7,381",17.50%,"7,379",22.20%,"5,457",64.30%,"42,168",54.82,2.73,18.1,22.7,20.12
47,Orange,high,4/23/2021,206.47,"321,687",23.10%,"320,954",29.50%,"118,515",69.10%,"1,393,452","1,545.08",2.81,14.5,16.1,12.31
48,Osceola,high,4/23/2021,288.49,"77,858",20.70%,"77,775",27.30%,"35,393",69.70%,"375,751",283.04,3.4,15.8,16.3,13.52
49,Palm Beach,high,4/23/2021,181.32,"406,878",27.20%,"406,413",33.50%,"248,898",68.30%,"1,496,770",761.99,2.6,13.6,12.8,24.36
50,Pasco,high,4/23/2021,194.78,"129,693",23.40%,"129,595",29.30%,"76,836",61.20%,"553,947",741.98,2.52,11.8,13.5,22.65
51,Pinellas,high,4/23/2021,156.51,"291,325",29.90%,"291,121",35.50%,"162,821",65.80%,"974,996","3,561.28",2.31,11.5,13,25.4
52,Polk,high,4/23/2021,221.03,"145,390",20.10%,"145,290",25.70%,"87,704",59.20%,"724,777",403.21,2.84,13.2,16.6,20.44
53,Putnam,high,4/23/2021,167.74,"12,278",16.50%,"12,275",20.90%,"8,141",46.10%,"74,521",102.38,2.52,16,24.8,23.72
54,Santa Rosa,moderate,4/23/2021,34.72,"36,949",20%,"36,911",25.60%,"20,207",67.10%,"184,313",182.06,2.68,10,9.8,16.34
55,Sarasota,high,4/23/2021,189.97,"153,514",35.40%,"153,433",41.20%,"115,770",71.50%,"433,742",780.13,2.25,11.4,9.7,37.34
56,Seminole,high,4/23/2021,215.76,"105,933",22.50%,"105,737",28.30%,"48,587",64.40%,"471,826","1,525.34",2.7,10.4,11.4,15.98
57,St. Johns,high,4/23/2021,116.75,"89,919",34%,"89,752",43.30%,"45,886",84%,"264,672",440.71,2.7,8.4,8.4,20.65
58,St. Lucie,high,4/23/2021,137.98,"74,029",22.50%,"74,007",28%,"49,103",60.70%,"328,297",574.3,2.68,14,15,24.65
59,Sumter,substantial,4/23/2021,76.27,"72,444",54.70%,"72,434",58.90%,"62,244",80.80%,"132,420",237.68,2.04,6.2,8.8,58.17
60,Suwannee,substantial,4/23/2021,63.04,"7,633",17.20%,"7,631",21.80%,"5,244",54.30%,"44,417",64.51,2.81,13.9,17.8,21.73
61,Taylor,moderate,4/23/2021,suppressed,"3,446",16%,"3,443",19.90%,"2,319",51.20%,"21,569",20.67,2.47,10.9,19.8,20.98
62,Union,substantial,4/23/2021,85.32,"1,720",11.30%,"1,720",14.10%,"1,114",48.10%,"15,237",62.56,2.5,12.4,22,15.21
63,Volusia,high,4/23/2021,203.15,"138,533",25%,"138,479",30.30%,"91,265",66.20%,"553,284",502.42,2.43,12.5,15.2,24.91
64,Wakulla,high,4/23/2021,154.12,"6,793",20.10%,"6,788",25.40%,"3,908",72.80%,"33,739",55.64,2.56,9,11.5,15.9
65,Walton,high,4/23/2021,116.1,"14,995",20.20%,"14,989",25.40%,"9,074",60.60%,"74,071",71.38,2.42,13.5,14.7,20.22
66,Washington,low,4/23/2021,suppressed,"3,358",13.20%,"3,355",16.40%,"2,055",46.90%,"25,473",43.57,2.57,12.8,22.4,17.2
0,Alachua,high,4/24/2021,118.57,"79,419",29.50%,"79,319",35.90%,"31,660",80.60%,"269,043",307.29,2.54,9.2,21.8,14.6
1,Baker,high,4/24/2021,130.09,"3,695",12.60%,"3,695",16.60%,"2,217",53.80%,"29,210",49.91,2.92,12.5,14.6,14.09
2,Bay,substantial,4/24/2021,74.98,"38,118",21.80%,"38,095",27.50%,"19,527",60%,"174,705",230.3,2.57,14.2,14.7,18.62
3,Bradford,moderate,4/24/2021,49.64,"4,126",14.60%,"4,126",18.20%,"2,578",50.90%,"28,201",95.93,2.6,12.4,20.3,17.96
4,Brevard,high,4/24/2021,146.36,"159,277",26.50%,"159,190",32.30%,"94,403",64.80%,"601,942",593.06,2.49,10.8,12.7,24.21
5,Broward,high,4/24/2021,255.84,"502,977",25.80%,"501,894",32.50%,"222,382",66.50%,"1,952,778","1,623.50",2.77,14.6,13.5,17.13
6,Calhoun,substantial,4/24/2021,85.08,"2,203",15.60%,"2,203",19.50%,"1,415",53%,"14,105",24.86,2.73,18.3,12.2,18.93
7,Charlotte,high,4/24/2021,124.93,"69,749",36.90%,"69,720",41.90%,"53,243",69.10%,"188,910",277.36,2.28,11.3,11.1,40.8
8,Citrus,high,4/24/2021,120.94,"44,272",29.60%,"44,262",34.70%,"34,339",62.50%,"149,657",257.18,2.24,10.4,16.7,36.71
9,Clay,high,4/24/2021,151.88,"42,560",19.40%,"42,519",25.20%,"20,953",58.50%,"219,252",362.63,2.81,10.4,10.6,16.35
10,Collier,high,4/24/2021,163.16,"128,324",33.30%,"128,277",40.10%,"93,893",74.10%,"384,902",192.75,2.55,16.5,12.3,32.92
11,Columbia,substantial,4/24/2021,68.35,"13,128",18.30%,"13,124",23.30%,"7,872",57%,"71,686",89.88,2.57,12.4,17.4,19.26
12,DeSoto,high,4/24/2021,136.84,"6,606",17.40%,"6,605",21.40%,"4,745",55.40%,"38,001",59.68,2.74,18.4,28.5,22.52
13,Dixie,moderate,4/24/2021,suppressed,"2,589",15.40%,"2,588",18.80%,"1,901",47.70%,"16,826",23.86,2.28,17.2,23.1,23.68
14,Duval,high,4/24/2021,119.13,"244,655",25.50%,"244,335",32.90%,"98,905",71.40%,"957,755","1,255.86",2.55,12,15.5,14.47
15,Escambia,substantial,4/24/2021,76.65,"75,418",23.70%,"75,379",29.90%,"36,386",66.70%,"318,316",484.52,2.47,10.2,13.9,17.14
16,Flagler,high,4/24/2021,112.96,"35,728",31%,"35,717",37.20%,"25,217",70.30%,"115,081",237.21,2.62,12.7,11.9,31.19
17,Franklin,moderate,4/24/2021,suppressed,"3,068",25.30%,"3,068",29.90%,"2,079",71.10%,"12,125",22.24,2.35,18.3,20.7,24.13
18,Gadsden,moderate,4/24/2021,45.99,"12,136",26.60%,"12,128",33.90%,"6,088",71.30%,"45,660",88.44,2.47,14.9,24.6,18.7
19,Gilchrist,high,4/24/2021,156.07,"2,910",15.70%,"2,908",19.50%,"1,876",48.90%,"18,582",53.14,2.5,18.1,17.9,20.65
20,Glades,substantial,4/24/2021,86.89,"1,961",14.20%,"1,961",16.60%,"1,366",35.90%,"13,811",17.12,2.71,19.9,17,27.57
21,Gulf,substantial,4/24/2021,suppressed,"3,330",24.40%,"3,330",29.90%,"2,333",64.60%,"13,639",24.64,2.55,11.4,13.9,26.5
22,Hamilton,substantial,4/24/2021,97.03,"2,337",16.20%,"2,337",20%,"1,513",56.80%,"14,428",28.08,2.44,14.3,29.5,18.46
23,Hardee,high,4/24/2021,211.6,"3,531",13.10%,"3,530",17.60%,"2,441",52%,"26,937",42.25,3.22,12.2,26.7,17.43
24,Hendry,high,4/24/2021,118.99,"6,926",16.50%,"6,923",22.50%,"3,681",63.70%,"42,022",36.34,3.17,26.2,26.8,13.75
25,Hernando,high,4/24/2021,184.1,"47,725",24.60%,"47,703",30.10%,"32,284",60.50%,"193,920",410.01,2.46,12.6,14.3,27.51
26,Highlands,high,4/24/2021,202.41,"26,420",24.90%,"26,417",29.90%,"20,480",53.50%,"106,221",104.38,2.44,12.7,19.2,36.05
27,Hillsborough,high,4/24/2021,226.09,"341,760",23.20%,"341,366",29.80%,"131,388",61.40%,"1,471,968","1,440.39",2.63,13,15.3,14.54
28,Holmes,moderate,4/24/2021,suppressed,"2,652",13.50%,"2,650",17%,"1,737",44.30%,"19,617",40.97,2.51,18.9,25.6,19.99
29,Indian River,high,4/24/2021,111.3,"50,932",31.80%,"50,916",37.70%,"37,034",68.40%,"159,923",318.08,2.6,12.1,12.2,33.85
30,Jackson,substantial,4/24/2021,56.02,"8,996",19.40%,"8,995",23.90%,"5,278",55.20%,"46,414",50.55,2.4,11.3,20.6,20.62
31,Jefferson,high,4/24/2021,154.43,"4,767",33.50%,"4,766",40.10%,"3,224",91.80%,"14,246",23.82,2.04,6.4,14.1,24.65
32,Lafayette,moderate,4/24/2021,suppressed,"1,358",16.10%,"1,358",20.10%,"1,065",73.20%,"8,422",15.5,3.43,17.6,20.1,17.28
33,Lake,high,4/24/2021,169.7,"117,275",31.90%,"117,171",39.40%,"77,241",77.70%,"367,118",386.13,2.55,11.6,12.5,27.07
34,Lee,high,4/24/2021,209.71,"208,330",27%,"208,277",32.70%,"149,341",66.50%,"770,577",986.08,2.61,14.3,14,29.15
35,Leon,high,4/24/2021,102.87,"76,141",25.90%,"76,011",31.80%,"31,874",78.10%,"293,582",440.23,2.43,8.2,20.4,13.89
36,Levy,high,4/24/2021,212.03,"8,171",19.70%,"8,165",24.40%,"5,553",53.20%,"41,503",37.12,2.41,15.5,20.7,25.15
37,Liberty,moderate,4/24/2021,suppressed,"1,208",14.50%,"1,208",17.50%,715,56.90%,"8,354",10,2.9,18.5,13,15.04
38,Madison,moderate,4/24/2021,suppressed,"3,982",21.50%,"3,981",26.40%,"2,457",63%,"18,493",26.55,2.45,13.1,28.2,21.1
39,Manatee,high,4/24/2021,198.14,"109,599",27.20%,"109,556",33.10%,"74,062",65.50%,"403,253",542.28,2.57,12.7,12.5,28.06
40,Marion,high,4/24/2021,120.9,"96,218",26.30%,"96,177",32.30%,"66,766",62.60%,"365,579",230.15,2.48,12.3,16.6,29.18
41,Martin,high,4/24/2021,114.29,"50,833",31.60%,"50,812",37.70%,"36,864",72.60%,"161,000",296.05,2.41,11.5,10.5,31.53
42,Miami-Dade,high,4/24/2021,339.76,"738,132",27.20%,"736,404",34%,"303,893",67.10%,"2,716,940","1,430.09",3.07,18.1,18,16.66
43,Monroe,high,4/24/2021,126.64,"24,011",32.30%,"24,001",38.10%,"13,929",79%,"74,228",75.51,2.39,17.8,11.8,23.75
44,Nassau,high,4/24/2021,117.35,"26,753",30.20%,"26,737",37.60%,"15,734",77.80%,"88,625",136.62,2.55,11,10.2,22.83
45,Okaloosa,substantial,4/24/2021,83.99,"48,102",22.80%,"48,072",29.30%,"24,738",72%,"210,738",226.55,2.52,12.2,11.5,16.31
46,Okeechobee,high,4/24/2021,125.69,"7,817",18.50%,"7,815",23.50%,"5,554",65.50%,"42,168",54.82,2.73,18.1,22.7,20.12
47,Orange,high,4/24/2021,204.17,"330,467",23.70%,"329,710",30.30%,"119,160",69.50%,"1,393,452","1,545.08",2.81,14.5,16.1,12.31
48,Osceola,high,4/24/2021,292.21,"80,576",21.40%,"80,487",28.20%,"35,700",70.30%,"375,751",283.04,3.4,15.8,16.3,13.52
49,Palm Beach,high,4/24/2021,188.54,"416,220",27.80%,"415,728",34.30%,"250,204",68.60%,"1,496,770",761.99,2.6,13.6,12.8,24.36
50,Pasco,high,4/24/2021,199.66,"132,447",23.90%,"132,346",30%,"77,282",61.60%,"553,947",741.98,2.52,11.8,13.5,22.65
51,Pinellas,high,4/24/2021,156,"298,249",30.60%,"298,032",36.30%,"163,687",66.10%,"974,996","3,561.28",2.31,11.5,13,25.4
52,Polk,high,4/24/2021,221.03,"148,717",20.50%,"148,611",26.30%,"88,435",59.70%,"724,777",403.21,2.84,13.2,16.6,20.44
53,Putnam,high,4/24/2021,159.69,"12,484",16.80%,"12,481",21.20%,"8,183",46.30%,"74,521",102.38,2.52,16,24.8,23.72
54,Santa Rosa,moderate,4/24/2021,45.03,"37,517",20.40%,"37,479",26%,"20,312",67.40%,"184,313",182.06,2.68,10,9.8,16.34
55,Sarasota,high,4/24/2021,180.98,"157,042",36.20%,"156,960",42.10%,"116,433",71.90%,"433,742",780.13,2.25,11.4,9.7,37.34
56,Seminole,high,4/24/2021,213,"109,477",23.20%,"109,269",29.20%,"48,829",64.80%,"471,826","1,525.34",2.7,10.4,11.4,15.98
57,St. Johns,high,4/24/2021,122.04,"91,413",34.50%,"91,233",44%,"45,964",84.10%,"264,672",440.71,2.7,8.4,8.4,20.65
58,St. Lucie,high,4/24/2021,137.68,"75,297",22.90%,"75,272",28.50%,"49,365",61%,"328,297",574.3,2.68,14,15,24.65
59,Sumter,substantial,4/24/2021,86.84,"72,911",55.10%,"72,901",59.30%,"62,371",81%,"132,420",237.68,2.04,6.2,8.8,58.17
60,Suwannee,substantial,4/24/2021,56.28,"7,831",17.60%,"7,829",22.30%,"5,278",54.70%,"44,417",64.51,2.81,13.9,17.8,21.73
61,Taylor,low,4/24/2021,suppressed,"3,579",16.60%,"3,576",20.70%,"2,351",52%,"21,569",20.67,2.47,10.9,19.8,20.98
62,Union,substantial,4/24/2021,72.19,"1,735",11.40%,"1,735",14.20%,"1,116",48.20%,"15,237",62.56,2.5,12.4,22,15.21
63,Volusia,high,4/24/2021,193.93,"141,743",25.60%,"141,686",31%,"92,024",66.80%,"553,284",502.42,2.43,12.5,15.2,24.91
64,Wakulla,high,4/24/2021,151.16,"6,872",20.40%,"6,867",25.70%,"3,917",73%,"33,739",55.64,2.56,9,11.5,15.9
65,Walton,high,4/24/2021,122.86,"15,432",20.80%,"15,426",26.20%,"9,134",61%,"74,071",71.38,2.42,13.5,14.7,20.22
66,Washington,moderate,4/24/2021,suppressed,"3,384",13.30%,"3,381",16.60%,"2,063",47.10%,"25,473",43.57,2.57,12.8,22.4,17.2
0,Alachua,high,4/25/2021,115.97,"80,505",29.90%,"80,397",36.40%,"31,746",80.80%,"269,043",307.29,2.54,9.2,21.8,14.6
1,Baker,high,4/25/2021,123.25,"3,841",13.10%,"3,841",17.30%,"2,240",54.40%,"29,210",49.91,2.92,12.5,14.6,14.09
2,Bay,substantial,4/25/2021,69.83,"38,558",22.10%,"38,534",27.80%,"19,629",60.30%,"174,705",230.3,2.57,14.2,14.7,18.62
3,Bradford,substantial,4/25/2021,60.28,"4,168",14.80%,"4,168",18.30%,"2,582",51%,"28,201",95.93,2.6,12.4,20.3,17.96
4,Brevard,high,4/25/2021,142.87,"163,773",27.20%,"163,679",33.20%,"95,476",65.50%,"601,942",593.06,2.49,10.8,12.7,24.21
5,Broward,high,4/25/2021,243.19,"514,125",26.30%,"512,971",33.30%,"223,269",66.70%,"1,952,778","1,623.50",2.77,14.6,13.5,17.13
6,Calhoun,substantial,4/25/2021,77.99,"2,209",15.70%,"2,209",19.60%,"1,417",53.10%,"14,105",24.86,2.73,18.3,12.2,18.93
7,Charlotte,high,4/25/2021,112.22,"70,631",37.40%,"70,601",42.40%,"53,473",69.40%,"188,910",277.36,2.28,11.3,11.1,40.8
8,Citrus,high,4/25/2021,116.93,"45,477",30.40%,"45,466",35.60%,"34,756",63.30%,"149,657",257.18,2.24,10.4,16.7,36.71
9,Clay,high,4/25/2021,139.57,"43,422",19.80%,"43,373",25.70%,"21,070",58.80%,"219,252",362.63,2.81,10.4,10.6,16.35
10,Collier,high,4/25/2021,151.73,"130,959",34%,"130,911",40.90%,"94,794",74.80%,"384,902",192.75,2.55,16.5,12.3,32.92
11,Columbia,substantial,4/25/2021,73.93,"13,214",18.40%,"13,209",23.50%,"7,884",57.10%,"71,686",89.88,2.57,12.4,17.4,19.26
12,DeSoto,high,4/25/2021,123.68,"6,649",17.50%,"6,648",21.60%,"4,755",55.60%,"38,001",59.68,2.74,18.4,28.5,22.52
13,Dixie,moderate,4/25/2021,suppressed,"2,624",15.60%,"2,623",19.10%,"1,917",48.10%,"16,826",23.86,2.28,17.2,23.1,23.68
14,Duval,high,4/25/2021,117.15,"248,769",26%,"248,400",33.50%,"99,321",71.70%,"957,755","1,255.86",2.55,12,15.5,14.47
15,Escambia,substantial,4/25/2021,83.56,"76,111",23.90%,"76,072",30.20%,"36,472",66.80%,"318,316",484.52,2.47,10.2,13.9,17.14
16,Flagler,high,4/25/2021,106.88,"36,178",31.40%,"36,166",37.70%,"25,274",70.40%,"115,081",237.21,2.62,12.7,11.9,31.19
17,Franklin,moderate,4/25/2021,suppressed,"3,094",25.50%,"3,094",30.20%,"2,083",71.20%,"12,125",22.24,2.35,18.3,20.7,24.13
18,Gadsden,substantial,4/25/2021,52.56,"12,385",27.10%,"12,377",34.60%,"6,129",71.80%,"45,660",88.44,2.47,14.9,24.6,18.7
19,Gilchrist,high,4/25/2021,161.45,"3,011",16.20%,"3,009",20.20%,"1,901",49.50%,"18,582",53.14,2.5,18.1,17.9,20.65
20,Glades,substantial,4/25/2021,suppressed,"1,968",14.20%,"1,968",16.60%,"1,367",35.90%,"13,811",17.12,2.71,19.9,17,27.57
21,Gulf,high,4/25/2021,124.64,"3,347",24.50%,"3,347",30%,"2,339",64.70%,"13,639",24.64,2.55,11.4,13.9,26.5
22,Hamilton,substantial,4/25/2021,69.31,"2,347",16.30%,"2,346",20.10%,"1,514",56.80%,"14,428",28.08,2.44,14.3,29.5,18.46
23,Hardee,high,4/25/2021,207.89,"3,587",13.30%,"3,586",17.90%,"2,454",52.30%,"26,937",42.25,3.22,12.2,26.7,17.43
24,Hendry,high,4/25/2021,104.71,"6,955",16.60%,"6,952",22.60%,"3,688",63.80%,"42,022",36.34,3.17,26.2,26.8,13.75
25,Hernando,high,4/25/2021,177.39,"49,173",25.40%,"49,151",31%,"32,695",61.30%,"193,920",410.01,2.46,12.6,14.3,27.51
26,Highlands,high,4/25/2021,205.23,"26,593",25%,"26,590",30.10%,"20,532",53.60%,"106,221",104.38,2.44,12.7,19.2,36.05
27,Hillsborough,high,4/25/2021,218.42,"351,677",23.90%,"351,190",30.60%,"132,378",61.80%,"1,471,968","1,440.39",2.63,13,15.3,14.54
28,Holmes,moderate,4/25/2021,suppressed,"2,752",14%,"2,750",17.60%,"1,757",44.80%,"19,617",40.97,2.51,18.9,25.6,19.99
29,Indian River,substantial,4/25/2021,98.17,"51,738",32.40%,"51,721",38.30%,"37,189",68.70%,"159,923",318.08,2.6,12.1,12.2,33.85
30,Jackson,substantial,4/25/2021,58.17,"9,229",19.90%,"9,228",24.50%,"5,324",55.60%,"46,414",50.55,2.4,11.3,20.6,20.62
31,Jefferson,high,4/25/2021,161.45,"4,797",33.70%,"4,796",40.30%,"3,227",91.90%,"14,246",23.82,2.04,6.4,14.1,24.65
32,Lafayette,moderate,4/25/2021,suppressed,"1,386",16.50%,"1,386",20.60%,"1,070",73.50%,"8,422",15.5,3.43,17.6,20.1,17.28
33,Lake,high,4/25/2021,164.25,"119,438",32.50%,"119,332",40.10%,"77,644",78.10%,"367,118",386.13,2.55,11.6,12.5,27.07
34,Lee,high,4/25/2021,211.53,"213,318",27.70%,"213,262",33.50%,"151,054",67.20%,"770,577",986.08,2.61,14.3,14,29.15
35,Leon,high,4/25/2021,101.5,"77,473",26.40%,"77,328",32.40%,"31,933",78.30%,"293,582",440.23,2.43,8.2,20.4,13.89
36,Levy,high,4/25/2021,204.8,"8,313",20%,"8,307",24.80%,"5,595",53.60%,"41,503",37.12,2.41,15.5,20.7,25.15
37,Liberty,moderate,4/25/2021,suppressed,"1,210",14.50%,"1,210",17.50%,715,56.90%,"8,354",10,2.9,18.5,13,15.04
38,Madison,moderate,4/25/2021,suppressed,"3,999",21.60%,"3,998",26.50%,"2,457",63%,"18,493",26.55,2.45,13.1,28.2,21.1
39,Manatee,high,4/25/2021,174.83,"113,109",28%,"113,065",34.20%,"74,810",66.10%,"403,253",542.28,2.57,12.7,12.5,28.06
40,Marion,high,4/25/2021,117.62,"98,576",27%,"98,534",33.10%,"67,367",63.20%,"365,579",230.15,2.48,12.3,16.6,29.18
41,Martin,substantial,4/25/2021,95.65,"52,082",32.30%,"52,060",38.60%,"37,100",73.10%,"161,000",296.05,2.41,11.5,10.5,31.53
42,Miami-Dade,high,4/25/2021,324.7,"753,402",27.70%,"751,614",34.70%,"305,572",67.50%,"2,716,940","1,430.09",3.07,18.1,18,16.66
43,Monroe,high,4/25/2021,122.6,"24,535",33.10%,"24,525",38.90%,"13,994",79.40%,"74,228",75.51,2.39,17.8,11.8,23.75
44,Nassau,high,4/25/2021,113.96,"27,201",30.70%,"27,183",38.20%,"15,822",78.20%,"88,625",136.62,2.55,11,10.2,22.83
45,Okaloosa,substantial,4/25/2021,79.72,"48,681",23.10%,"48,651",29.70%,"24,777",72.10%,"210,738",226.55,2.52,12.2,11.5,16.31
46,Okeechobee,high,4/25/2021,111.46,"7,881",18.70%,"7,879",23.70%,"5,572",65.70%,"42,168",54.82,2.73,18.1,22.7,20.12
47,Orange,high,4/25/2021,192.69,"340,748",24.50%,"339,971",31.30%,"119,798",69.80%,"1,393,452","1,545.08",2.81,14.5,16.1,12.31
48,Osceola,high,4/25/2021,284.5,"82,525",22%,"82,429",28.90%,"35,864",70.60%,"375,751",283.04,3.4,15.8,16.3,13.52
49,Palm Beach,high,4/25/2021,175.71,"426,249",28.50%,"425,733",35.10%,"251,641",69%,"1,496,770",761.99,2.6,13.6,12.8,24.36
50,Pasco,high,4/25/2021,195.69,"136,317",24.60%,"136,204",30.80%,"78,074",62.20%,"553,947",741.98,2.52,11.8,13.5,22.65
51,Pinellas,high,4/25/2021,144.62,"305,101",31.30%,"304,863",37.20%,"164,443",66.40%,"974,996","3,561.28",2.31,11.5,13,25.4
52,Polk,high,4/25/2021,214.41,"152,979",21.10%,"152,868",27%,"89,508",60.40%,"724,777",403.21,2.84,13.2,16.6,20.44
53,Putnam,high,4/25/2021,151.64,"12,636",17%,"12,633",21.50%,"8,221",46.50%,"74,521",102.38,2.52,16,24.8,23.72
54,Santa Rosa,substantial,4/25/2021,56.43,"38,102",20.70%,"38,063",26.40%,"20,410",67.80%,"184,313",182.06,2.68,10,9.8,16.34
55,Sarasota,high,4/25/2021,168.3,"160,778",37.10%,"160,695",43.10%,"117,198",72.40%,"433,742",780.13,2.25,11.4,9.7,37.34
56,Seminole,high,4/25/2021,203.04,"112,909",23.90%,"112,695",30.20%,"49,055",65.10%,"471,826","1,525.34",2.7,10.4,11.4,15.98
57,St. Johns,high,4/25/2021,120.9,"93,492",35.30%,"93,298",45%,"46,122",84.40%,"264,672",440.71,2.7,8.4,8.4,20.65
58,St. Lucie,high,4/25/2021,142.86,"76,623",23.30%,"76,597",29%,"49,637",61.30%,"328,297",574.3,2.68,14,15,24.65
59,Sumter,substantial,4/25/2021,78.54,"74,138",56%,"74,127",60.30%,"62,802",81.50%,"132,420",237.68,2.04,6.2,8.8,58.17
60,Suwannee,moderate,4/25/2021,45.03,"7,960",17.90%,"7,958",22.70%,"5,297",54.90%,"44,417",64.51,2.81,13.9,17.8,21.73
61,Taylor,low,4/25/2021,suppressed,"3,593",16.70%,"3,589",20.70%,"2,352",52%,"21,569",20.67,2.47,10.9,19.8,20.98
62,Union,substantial,4/25/2021,98.44,"1,821",12%,"1,821",14.90%,"1,127",48.60%,"15,237",62.56,2.5,12.4,22,15.21
63,Volusia,high,4/25/2021,184.53,"144,798",26.20%,"144,741",31.70%,"92,675",67.20%,"553,284",502.42,2.43,12.5,15.2,24.91
64,Wakulla,high,4/25/2021,139.3,"7,167",21.20%,"7,162",26.80%,"3,959",73.80%,"33,739",55.64,2.56,9,11.5,15.9
65,Walton,high,4/25/2021,108,"15,639",21.10%,"15,633",26.50%,"9,160",61.20%,"74,071",71.38,2.42,13.5,14.7,20.22
66,Washington,moderate,4/25/2021,suppressed,"3,462",13.60%,"3,459",17%,"2,075",47.40%,"25,473",43.57,2.57,12.8,22.4,17.2
0,Alachua,high,4/26/2021,123.03,"81,173",30.20%,"81,055",36.70%,"31,790",80.90%,"269,043",307.29,2.54,9.2,21.8,14.6
1,Baker,high,4/26/2021,143.79,"3,859",13.20%,"3,859",17.40%,"2,240",54.40%,"29,210",49.91,2.92,12.5,14.6,14.09
2,Bay,substantial,4/26/2021,75.56,"38,726",22.20%,"38,702",27.90%,"19,648",60.40%,"174,705",230.3,2.57,14.2,14.7,18.62
3,Bradford,substantial,4/26/2021,78.01,"4,197",14.90%,"4,197",18.50%,"2,584",51%,"28,201",95.93,2.6,12.4,20.3,17.96
4,Brevard,high,4/26/2021,152.01,"165,831",27.50%,"165,729",33.60%,"95,734",65.70%,"601,942",593.06,2.49,10.8,12.7,24.21
5,Broward,high,4/26/2021,248.88,"521,084",26.70%,"519,868",33.70%,"223,871",66.90%,"1,952,778","1,623.50",2.77,14.6,13.5,17.13
6,Calhoun,high,4/26/2021,106.35,"2,209",15.70%,"2,209",19.60%,"1,417",53.10%,"14,105",24.86,2.73,18.3,12.2,18.93
7,Charlotte,high,4/26/2021,126.52,"71,151",37.70%,"71,120",42.70%,"53,637",69.60%,"188,910",277.36,2.28,11.3,11.1,40.8
8,Citrus,high,4/26/2021,117.6,"45,708",30.50%,"45,697",35.80%,"34,811",63.40%,"149,657",257.18,2.24,10.4,16.7,36.71
9,Clay,high,4/26/2021,146.86,"43,936",20%,"43,884",26%,"21,124",58.90%,"219,252",362.63,2.81,10.4,10.6,16.35
10,Collier,high,4/26/2021,155.36,"132,922",34.50%,"132,872",41.50%,"95,334",75.20%,"384,902",192.75,2.55,16.5,12.3,32.92
11,Columbia,substantial,4/26/2021,76.72,"13,265",18.50%,"13,260",23.60%,"7,892",57.20%,"71,686",89.88,2.57,12.4,17.4,19.26
12,DeSoto,high,4/26/2021,115.79,"6,673",17.60%,"6,672",21.60%,"4,758",55.60%,"38,001",59.68,2.74,18.4,28.5,22.52
13,Dixie,substantial,4/26/2021,59.43,"2,632",15.60%,"2,631",19.10%,"1,917",48.10%,"16,826",23.86,2.28,17.2,23.1,23.68
14,Duval,high,4/26/2021,124.98,"251,738",26.30%,"251,310",33.90%,"99,547",71.80%,"957,755","1,255.86",2.55,12,15.5,14.47
15,Escambia,substantial,4/26/2021,89.53,"77,196",24.30%,"77,153",30.60%,"36,830",67.50%,"318,316",484.52,2.47,10.2,13.9,17.14
16,Flagler,high,4/26/2021,106.88,"36,568",31.80%,"36,555",38.10%,"25,363",70.70%,"115,081",237.21,2.62,12.7,11.9,31.19
17,Franklin,moderate,4/26/2021,suppressed,"3,098",25.60%,"3,098",30.20%,"2,083",71.20%,"12,125",22.24,2.35,18.3,20.7,24.13
18,Gadsden,substantial,4/26/2021,67.89,"12,447",27.30%,"12,439",34.70%,"6,139",71.90%,"45,660",88.44,2.47,14.9,24.6,18.7
19,Gilchrist,high,4/26/2021,156.07,"3,022",16.30%,"3,020",20.30%,"1,903",49.60%,"18,582",53.14,2.5,18.1,17.9,20.65
20,Glades,substantial,4/26/2021,suppressed,"1,978",14.30%,"1,978",16.70%,"1,368",35.90%,"13,811",17.12,2.71,19.9,17,27.57
21,Gulf,high,4/26/2021,131.97,"3,354",24.60%,"3,354",30.10%,"2,339",64.70%,"13,639",24.64,2.55,11.4,13.9,26.5
22,Hamilton,substantial,4/26/2021,69.31,"2,358",16.30%,"2,357",20.20%,"1,518",57%,"14,428",28.08,2.44,14.3,29.5,18.46
23,Hardee,high,4/26/2021,207.89,"3,603",13.40%,"3,602",17.90%,"2,456",52.30%,"26,937",42.25,3.22,12.2,26.7,17.43
24,Hendry,high,4/26/2021,138.02,"7,003",16.70%,"7,000",22.70%,"3,691",63.90%,"42,022",36.34,3.17,26.2,26.8,13.75
25,Hernando,high,4/26/2021,180.49,"49,552",25.60%,"49,527",31.20%,"32,758",61.40%,"193,920",410.01,2.46,12.6,14.3,27.51
26,Highlands,high,4/26/2021,198.64,"26,658",25.10%,"26,655",30.20%,"20,545",53.70%,"106,221",104.38,2.44,12.7,19.2,36.05
27,Hillsborough,high,4/26/2021,223.31,"358,044",24.30%,"357,514",31.20%,"132,964",62.10%,"1,471,968","1,440.39",2.63,13,15.3,14.54
28,Holmes,moderate,4/26/2021,suppressed,"2,757",14.10%,"2,755",17.60%,"1,758",44.80%,"19,617",40.97,2.51,18.9,25.6,19.99
29,Indian River,substantial,4/26/2021,90.67,"52,021",32.50%,"52,004",38.60%,"37,229",68.80%,"159,923",318.08,2.6,12.1,12.2,33.85
30,Jackson,substantial,4/26/2021,64.64,"9,235",19.90%,"9,234",24.50%,"5,324",55.60%,"46,414",50.55,2.4,11.3,20.6,20.62
31,Jefferson,high,4/26/2021,140.39,"4,807",33.70%,"4,806",40.40%,"3,227",91.90%,"14,246",23.82,2.04,6.4,14.1,24.65
32,Lafayette,moderate,4/26/2021,suppressed,"1,388",16.50%,"1,388",20.60%,"1,070",73.50%,"8,422",15.5,3.43,17.6,20.1,17.28
33,Lake,high,4/26/2021,163.71,"120,303",32.80%,"120,195",40.40%,"77,843",78.30%,"367,118",386.13,2.55,11.6,12.5,27.07
34,Lee,high,4/26/2021,210.1,"217,993",28.30%,"217,937",34.20%,"152,638",68%,"770,577",986.08,2.61,14.3,14,29.15
35,Leon,high,4/26/2021,106.61,"78,478",26.70%,"78,324",32.80%,"31,988",78.40%,"293,582",440.23,2.43,8.2,20.4,13.89
36,Levy,high,4/26/2021,207.21,"8,400",20.20%,"8,394",25.10%,"5,634",54%,"41,503",37.12,2.41,15.5,20.7,25.15
37,Liberty,moderate,4/26/2021,suppressed,"1,211",14.50%,"1,211",17.50%,715,56.90%,"8,354",10,2.9,18.5,13,15.04
38,Madison,moderate,4/26/2021,suppressed,"4,005",21.70%,"4,004",26.50%,"2,459",63%,"18,493",26.55,2.45,13.1,28.2,21.1
39,Manatee,high,4/26/2021,194.67,"113,679",28.20%,"113,633",34.40%,"74,915",66.20%,"403,253",542.28,2.57,12.7,12.5,28.06
40,Marion,high,4/26/2021,120.63,"99,401",27.20%,"99,356",33.30%,"67,548",63.30%,"365,579",230.15,2.48,12.3,16.6,29.18
41,Martin,high,4/26/2021,108.07,"53,060",33%,"53,037",39.30%,"37,359",73.60%,"161,000",296.05,2.41,11.5,10.5,31.53
42,Miami-Dade,high,4/26/2021,326.62,"765,200",28.20%,"763,325",35.20%,"306,495",67.70%,"2,716,940","1,430.09",3.07,18.1,18,16.66
43,Monroe,high,4/26/2021,115.86,"24,828",33.40%,"24,818",39.40%,"14,051",79.70%,"74,228",75.51,2.39,17.8,11.8,23.75
44,Nassau,high,4/26/2021,122.99,"27,753",31.30%,"27,734",39%,"15,862",78.40%,"88,625",136.62,2.55,11,10.2,22.83
45,Okaloosa,substantial,4/26/2021,81.14,"48,889",23.20%,"48,859",29.80%,"24,797",72.10%,"210,738",226.55,2.52,12.2,11.5,16.31
46,Okeechobee,high,4/26/2021,104.34,"7,924",18.80%,"7,922",23.90%,"5,579",65.80%,"42,168",54.82,2.73,18.1,22.7,20.12
47,Orange,high,4/26/2021,205.03,"347,095",24.90%,"346,295",31.80%,"120,140",70%,"1,393,452","1,545.08",2.81,14.5,16.1,12.31
48,Osceola,high,4/26/2021,292.21,"84,028",22.40%,"83,927",29.40%,"35,977",70.80%,"375,751",283.04,3.4,15.8,16.3,13.52
49,Palm Beach,high,4/26/2021,185.33,"433,276",28.90%,"432,733",35.70%,"252,531",69.30%,"1,496,770",761.99,2.6,13.6,12.8,24.36
50,Pasco,high,4/26/2021,199.84,"137,814",24.90%,"137,694",31.20%,"78,386",62.50%,"553,947",741.98,2.52,11.8,13.5,22.65
51,Pinellas,high,4/26/2021,142.36,"308,346",31.60%,"308,088",37.60%,"164,801",66.60%,"974,996","3,561.28",2.31,11.5,13,25.4
52,Polk,high,4/26/2021,221.59,"154,257",21.30%,"154,139",27.30%,"89,638",60.50%,"724,777",403.21,2.84,13.2,16.6,20.44
53,Putnam,high,4/26/2021,139.56,"12,701",17%,"12,698",21.60%,"8,235",46.60%,"74,521",102.38,2.52,16,24.8,23.72
54,Santa Rosa,substantial,4/26/2021,55.88,"38,392",20.80%,"38,353",26.60%,"20,450",67.90%,"184,313",182.06,2.68,10,9.8,16.34
55,Sarasota,high,4/26/2021,169.46,"162,740",37.50%,"162,647",43.60%,"117,368",72.50%,"433,742",780.13,2.25,11.4,9.7,37.34
56,Seminole,high,4/26/2021,205.8,"114,263",24.20%,"114,045",30.50%,"49,154",65.20%,"471,826","1,525.34",2.7,10.4,11.4,15.98
57,St. Johns,high,4/26/2021,117.5,"94,027",35.50%,"93,818",45.20%,"46,153",84.40%,"264,672",440.71,2.7,8.4,8.4,20.65
58,St. Lucie,high,4/26/2021,157.78,"77,316",23.60%,"77,287",29.30%,"49,754",61.50%,"328,297",574.3,2.68,14,15,24.65
59,Sumter,substantial,4/26/2021,84.58,"74,319",56.10%,"74,308",60.40%,"62,861",81.60%,"132,420",237.68,2.04,6.2,8.8,58.17
60,Suwannee,moderate,4/26/2021,38.27,"7,989",18%,"7,987",22.80%,"5,298",54.90%,"44,417",64.51,2.81,13.9,17.8,21.73
61,Taylor,moderate,4/26/2021,suppressed,"3,607",16.70%,"3,603",20.80%,"2,353",52%,"21,569",20.67,2.47,10.9,19.8,20.98
62,Union,substantial,4/26/2021,78.76,"1,829",12%,"1,829",15%,"1,127",48.60%,"15,237",62.56,2.5,12.4,22,15.21
63,Volusia,high,4/26/2021,186.88,"145,989",26.40%,"145,929",32%,"92,907",67.40%,"553,284",502.42,2.43,12.5,15.2,24.91
64,Wakulla,high,4/26/2021,130.41,"7,209",21.40%,"7,204",26.90%,"3,959",73.80%,"33,739",55.64,2.56,9,11.5,15.9
65,Walton,high,4/26/2021,113.4,"15,695",21.20%,"15,689",26.60%,"9,162",61.20%,"74,071",71.38,2.42,13.5,14.7,20.22
66,Washington,moderate,4/26/2021,suppressed,"3,466",13.60%,"3,463",17%,"2,077",47.40%,"25,473",43.57,2.57,12.8,22.4,17.2
0,Alachua,high,4/27/2021,117.08,"81,593",30.30%,"81,469",36.90%,"31,821",81%,"269,043",307.29,2.54,9.2,21.8,14.6
1,Baker,high,4/27/2021,130.09,"3,866",13.20%,"3,866",17.40%,"2,240",54.40%,"29,210",49.91,2.92,12.5,14.6,14.09
2,Bay,substantial,4/27/2021,78.99,"38,787",22.20%,"38,762",27.90%,"19,657",60.40%,"174,705",230.3,2.57,14.2,14.7,18.62
3,Bradford,substantial,4/27/2021,74.47,"4,204",14.90%,"4,204",18.50%,"2,585",51%,"28,201",95.93,2.6,12.4,20.3,17.96
4,Brevard,high,4/27/2021,155.83,"167,064",27.80%,"166,957",33.90%,"95,873",65.80%,"601,942",593.06,2.49,10.8,12.7,24.21
5,Broward,high,4/27/2021,238.79,"526,156",26.90%,"524,907",34%,"224,306",67%,"1,952,778","1,623.50",2.77,14.6,13.5,17.13
6,Calhoun,substantial,4/27/2021,92.17,"2,209",15.70%,"2,209",19.60%,"1,417",53.10%,"14,105",24.86,2.73,18.3,12.2,18.93
7,Charlotte,high,4/27/2021,123.34,"71,281",37.70%,"71,250",42.80%,"53,669",69.60%,"188,910",277.36,2.28,11.3,11.1,40.8
8,Citrus,high,4/27/2021,116.93,"45,824",30.60%,"45,813",35.90%,"34,838",63.40%,"149,657",257.18,2.24,10.4,16.7,36.71
9,Clay,high,4/27/2021,134.55,"44,139",20.10%,"44,086",26.10%,"21,157",59%,"219,252",362.63,2.81,10.4,10.6,16.35
10,Collier,high,4/27/2021,149.91,"133,516",34.70%,"133,465",41.70%,"95,425",75.30%,"384,902",192.75,2.55,16.5,12.3,32.92
11,Columbia,substantial,4/27/2021,72.54,"13,300",18.60%,"13,295",23.60%,"7,900",57.20%,"71,686",89.88,2.57,12.4,17.4,19.26
12,DeSoto,high,4/27/2021,100,"6,689",17.60%,"6,688",21.70%,"4,762",55.60%,"38,001",59.68,2.74,18.4,28.5,22.52
13,Dixie,substantial,4/27/2021,71.32,"2,635",15.70%,"2,634",19.20%,"1,917",48.10%,"16,826",23.86,2.28,17.2,23.1,23.68
14,Duval,high,4/27/2021,120.7,"254,245",26.50%,"253,781",34.20%,"99,685",71.90%,"957,755","1,255.86",2.55,12,15.5,14.47
15,Escambia,substantial,4/27/2021,85.76,"77,328",24.30%,"77,285",30.70%,"36,845",67.50%,"318,316",484.52,2.47,10.2,13.9,17.14
16,Flagler,substantial,4/27/2021,92.98,"36,676",31.90%,"36,661",38.20%,"25,384",70.70%,"115,081",237.21,2.62,12.7,11.9,31.19
17,Franklin,moderate,4/27/2021,suppressed,"3,101",25.60%,"3,101",30.20%,"2,083",71.20%,"12,125",22.24,2.35,18.3,20.7,24.13
18,Gadsden,substantial,4/27/2021,54.75,"12,493",27.40%,"12,485",34.90%,"6,146",72%,"45,660",88.44,2.47,14.9,24.6,18.7
19,Gilchrist,high,4/27/2021,129.16,"3,031",16.30%,"3,029",20.30%,"1,904",49.60%,"18,582",53.14,2.5,18.1,17.9,20.65
20,Glades,substantial,4/27/2021,suppressed,"1,988",14.40%,"1,988",16.80%,"1,369",36%,"13,811",17.12,2.71,19.9,17,27.57
21,Gulf,high,4/27/2021,139.31,"3,364",24.70%,"3,364",30.20%,"2,339",64.70%,"13,639",24.64,2.55,11.4,13.9,26.5
22,Hamilton,substantial,4/27/2021,76.24,"2,359",16.40%,"2,358",20.20%,"1,519",57%,"14,428",28.08,2.44,14.3,29.5,18.46
23,Hardee,high,4/27/2021,207.89,"3,620",13.40%,"3,619",18%,"2,458",52.40%,"26,937",42.25,3.22,12.2,26.7,17.43
24,Hendry,high,4/27/2021,157.06,"7,030",16.70%,"7,027",22.80%,"3,698",64%,"42,022",36.34,3.17,26.2,26.8,13.75
25,Hernando,high,4/27/2021,159.34,"49,742",25.70%,"49,717",31.40%,"32,794",61.50%,"193,920",410.01,2.46,12.6,14.3,27.51
26,Highlands,high,4/27/2021,208.06,"26,696",25.10%,"26,693",30.20%,"20,557",53.70%,"106,221",104.38,2.44,12.7,19.2,36.05
27,Hillsborough,high,4/27/2021,212.37,"360,734",24.50%,"360,184",31.40%,"133,157",62.20%,"1,471,968","1,440.39",2.63,13,15.3,14.54
28,Holmes,moderate,4/27/2021,suppressed,"2,759",14.10%,"2,757",17.60%,"1,759",44.90%,"19,617",40.97,2.51,18.9,25.6,19.99
29,Indian River,substantial,4/27/2021,87.54,"52,103",32.60%,"52,086",38.60%,"37,237",68.80%,"159,923",318.08,2.6,12.1,12.2,33.85
30,Jackson,substantial,4/27/2021,51.71,"9,237",19.90%,"9,236",24.50%,"5,324",55.60%,"46,414",50.55,2.4,11.3,20.6,20.62
31,Jefferson,high,4/27/2021,126.35,"4,811",33.80%,"4,810",40.50%,"3,227",91.90%,"14,246",23.82,2.04,6.4,14.1,24.65
32,Lafayette,moderate,4/27/2021,suppressed,"1,389",16.50%,"1,389",20.60%,"1,071",73.60%,"8,422",15.5,3.43,17.6,20.1,17.28
33,Lake,high,4/27/2021,156.63,"120,782",32.90%,"120,673",40.50%,"77,948",78.40%,"367,118",386.13,2.55,11.6,12.5,27.07
34,Lee,high,4/27/2021,211.79,"219,203",28.40%,"219,140",34.40%,"152,881",68.10%,"770,577",986.08,2.61,14.3,14,29.15
35,Leon,substantial,4/27/2021,98.78,"79,033",26.90%,"78,874",33%,"32,042",78.60%,"293,582",440.23,2.43,8.2,20.4,13.89
36,Levy,high,4/27/2021,192.76,"8,438",20.30%,"8,431",25.20%,"5,640",54%,"41,503",37.12,2.41,15.5,20.7,25.15
37,Liberty,moderate,4/27/2021,suppressed,"1,214",14.50%,"1,214",17.60%,715,56.90%,"8,354",10,2.9,18.5,13,15.04
38,Madison,moderate,4/27/2021,suppressed,"4,008",21.70%,"4,007",26.60%,"2,459",63%,"18,493",26.55,2.45,13.1,28.2,21.1
39,Manatee,high,4/27/2021,187.97,"114,073",28.30%,"114,023",34.50%,"75,008",66.30%,"403,253",542.28,2.57,12.7,12.5,28.06
40,Marion,high,4/27/2021,118.17,"99,739",27.30%,"99,691",33.40%,"67,606",63.40%,"365,579",230.15,2.48,12.3,16.6,29.18
41,Martin,high,4/27/2021,101.86,"53,229",33.10%,"53,206",39.40%,"37,387",73.70%,"161,000",296.05,2.41,11.5,10.5,31.53
42,Miami-Dade,high,4/27/2021,294.15,"773,745",28.50%,"771,814",35.60%,"307,258",67.90%,"2,716,940","1,430.09",3.07,18.1,18,16.66
43,Monroe,high,4/27/2021,126.64,"25,083",33.80%,"25,072",39.80%,"14,122",80.10%,"74,228",75.51,2.39,17.8,11.8,23.75
44,Nassau,high,4/27/2021,108.32,"27,797",31.40%,"27,777",39%,"15,865",78.40%,"88,625",136.62,2.55,11,10.2,22.83
45,Okaloosa,substantial,4/27/2021,69.75,"49,017",23.30%,"48,986",29.90%,"24,807",72.20%,"210,738",226.55,2.52,12.2,11.5,16.31
46,Okeechobee,substantial,4/27/2021,94.86,"7,953",18.90%,"7,951",23.90%,"5,586",65.90%,"42,168",54.82,2.73,18.1,22.7,20.12
47,Orange,high,4/27/2021,201.94,"350,972",25.20%,"350,144",32.20%,"120,395",70.20%,"1,393,452","1,545.08",2.81,14.5,16.1,12.31
48,Osceola,high,4/27/2021,282.9,"84,930",22.60%,"84,819",29.70%,"36,037",71%,"375,751",283.04,3.4,15.8,16.3,13.52
49,Palm Beach,high,4/27/2021,173.11,"435,895",29.10%,"435,318",35.90%,"252,875",69.40%,"1,496,770",761.99,2.6,13.6,12.8,24.36
50,Pasco,high,4/27/2021,189.37,"138,707",25%,"138,583",31.40%,"78,584",62.60%,"553,947",741.98,2.52,11.8,13.5,22.65
51,Pinellas,high,4/27/2021,135.08,"310,073",31.80%,"309,800",37.80%,"164,970",66.60%,"974,996","3,561.28",2.31,11.5,13,25.4
52,Polk,high,4/27/2021,225.72,"155,153",21.40%,"155,031",27.40%,"89,722",60.60%,"724,777",403.21,2.84,13.2,16.6,20.44
53,Putnam,high,4/27/2021,136.87,"12,748",17.10%,"12,745",21.70%,"8,244",46.60%,"74,521",102.38,2.52,16,24.8,23.72
54,Santa Rosa,substantial,4/27/2021,52.09,"38,473",20.90%,"38,434",26.70%,"20,463",67.90%,"184,313",182.06,2.68,10,9.8,16.34
55,Sarasota,high,4/27/2021,152.39,"163,130",37.60%,"163,034",43.70%,"117,435",72.50%,"433,742",780.13,2.25,11.4,9.7,37.34
56,Seminole,high,4/27/2021,190.54,"115,020",24.40%,"114,797",30.70%,"49,196",65.20%,"471,826","1,525.34",2.7,10.4,11.4,15.98
57,St. Johns,high,4/27/2021,109.57,"94,327",35.60%,"94,115",45.40%,"46,167",84.50%,"264,672",440.71,2.7,8.4,8.4,20.65
58,St. Lucie,high,4/27/2021,155.65,"77,689",23.70%,"77,659",29.40%,"49,809",61.50%,"328,297",574.3,2.68,14,15,24.65
59,Sumter,substantial,4/27/2021,84.58,"74,426",56.20%,"74,415",60.50%,"62,889",81.60%,"132,420",237.68,2.04,6.2,8.8,58.17
60,Suwannee,moderate,4/27/2021,45.03,"8,011",18%,"8,009",22.80%,"5,304",55%,"44,417",64.51,2.81,13.9,17.8,21.73
61,Taylor,moderate,4/27/2021,suppressed,"3,615",16.80%,"3,611",20.90%,"2,355",52%,"21,569",20.67,2.47,10.9,19.8,20.98
62,Union,substantial,4/27/2021,85.32,"1,833",12%,"1,833",15%,"1,127",48.60%,"15,237",62.56,2.5,12.4,22,15.21
63,Volusia,high,4/27/2021,173.33,"146,503",26.50%,"146,441",32.10%,"92,991",67.50%,"553,284",502.42,2.43,12.5,15.2,24.91
64,Wakulla,high,4/27/2021,112.63,"7,233",21.40%,"7,228",27%,"3,959",73.80%,"33,739",55.64,2.56,9,11.5,15.9
65,Walton,high,4/27/2021,121.51,"15,726",21.20%,"15,720",26.60%,"9,165",61.20%,"74,071",71.38,2.42,13.5,14.7,20.22
66,Washington,moderate,4/27/2021,suppressed,"3,471",13.60%,"3,468",17%,"2,077",47.40%,"25,473",43.57,2.57,12.8,22.4,17.2
